feature_1,feature_2,V_12-19,n_12-19,V_20-39,n_20-39,V_40-59,n_40-59,estimable_all_groups
airway_obstruction_present,appliance_history,0.3240208816350415,205,0.22078511979655524,262,0.0,185,True
airway_obstruction_present,autoimmune_condition,,15,,21,,16,False
airway_obstruction_present,average_daily_pain_intensity,0.1526523249732881,129,0.09857246033290246,231,0.0,195,True
airway_obstruction_present,current_appliance,0.38995197723232333,66,0.0,59,0.0,41,True
airway_obstruction_present,diet_score,0.0,206,0.0,261,0.19625650535172348,215,True
airway_obstruction_present,disability_rating,0.10495446042542864,206,0.0,260,0.0,215,True
airway_obstruction_present,earache_present,0.16060742885804752,224,0.17238035612687042,277,0.0,217,True
airway_obstruction_present,headache_frequency,0.0,97,0.0,137,0.0,113,True
airway_obstruction_present,headache_intensity,0.04504337128122459,234,0.05928395130951603,271,0.22253808403502065,213,True
airway_obstruction_present,hearing_loss_present,0.0,134,0.0,173,0.046191844466702034,125,True
airway_obstruction_present,jaw_clicking,0.0,128,0.0,169,0.0,92,True
airway_obstruction_present,jaw_crepitus,,18,0.0,55,0.28110120907029434,85,False
airway_obstruction_present,jaw_function_score,0.10638668628619438,208,0.02812139396945296,262,0.0,216,True
airway_obstruction_present,joint_arthritis_location,0.0,150,0.08334402644541647,233,0.01768888018500774,211,True
airway_obstruction_present,muscle_pain_score,0.188371209244189,139,0.18962997957332228,216,0.054151304793085844,162,True
airway_obstruction_present,muscle_symptoms_present,0.09907861525746336,207,0.022951187590209317,255,0.0662039921210834,208,True
airway_obstruction_present,neck_pain_present,0.0,116,0.21831639037127643,92,0.1320999031380522,72,True
airway_obstruction_present,onset_triggers,,12,0.0,33,0.1747282287355157,34,False
airway_obstruction_present,pain_aggravating_factors,0.12883231931971603,75,0.0,121,0.2864396224265247,85,True
airway_obstruction_present,pain_relieving_factors,,8,,18,,23,False
airway_obstruction_present,physical_therapy_status,,20,0.0,68,0.37887689967599664,64,False
airway_obstruction_present,sleep_apnea_diagnosed,0.09223173841942219,87,0.42978622543240136,99,0.20726467456093442,134,True
airway_obstruction_present,sleep_disorder_type,0.0,124,0.0,164,0.1426339578311336,193,True
airway_obstruction_present,tinnitus_present,0.06460780433774474,218,0.044461583051350395,270,0.05950826851574361,218,True
airway_obstruction_present,tmj_pain_rating,0.0,242,0.2553881657791791,279,0.0,223,True
airway_obstruction_present,vertigo_present,0.0,225,0.07239767529017924,270,0.04829641777761923,216,True
appliance_history,autoimmune_condition,,14,,22,,13,False
appliance_history,average_daily_pain_intensity,0.08336055399038778,125,0.17754125606448454,282,0.13603956829096822,202,True
appliance_history,current_appliance,0.7107648517945174,64,0.5484252349710801,60,0.5007815553547541,48,True
appliance_history,diet_score,0.2561736336582692,188,0.14478102636385093,312,0.053211343511104674,221,True
appliance_history,disability_rating,0.09838205353940807,189,0.20845727279762827,312,0.1466129783460516,221,True
appliance_history,earache_present,0.2026855725343496,199,0.37655782928385534,325,0.2643051162228533,219,True
appliance_history,headache_frequency,0.0,86,0.17769330482062617,172,0.0,123,True
appliance_history,headache_intensity,0.13481294876109112,202,0.1733610894277805,315,0.09994114260758546,218,True
appliance_history,hearing_loss_present,0.0,125,0.0,203,0.0,137,True
appliance_history,jaw_clicking,0.0,113,0.0,196,0.0,103,True
appliance_history,jaw_crepitus,,17,0.21442562791588002,68,0.05948614835315457,89,False
appliance_history,jaw_function_score,0.07996774221648449,190,0.08932754147063054,312,0.16542224158288474,222,True
appliance_history,joint_arthritis_location,0.0,136,0.0,278,0.0,218,True
appliance_history,muscle_pain_score,0.10837607888485681,128,0.032830165931450085,251,0.0,179,True
appliance_history,muscle_symptoms_present,0.03009977551822093,180,0.26303683497803965,295,0.27832033090347674,213,True
appliance_history,neck_pain_present,0.33629835979319755,89,0.37253730437138044,106,0.4928752752791615,74,True
appliance_history,onset_triggers,,9,0.27790912810392443,40,0.0,42,False
appliance_history,pain_aggravating_factors,0.0,67,0.0,128,0.0,89,True
appliance_history,pain_relieving_factors,,8,,24,,23,False
appliance_history,physical_therapy_status,,25,0.4254751300658479,92,0.0,90,False
appliance_history,sleep_apnea_diagnosed,0.14124091114037524,75,0.0,97,0.0,104,True
appliance_history,sleep_disorder_type,0.0,102,0.0,163,0.0,155,True
appliance_history,tinnitus_present,0.12109505516934634,194,0.22983616044084199,316,0.1234835479609521,220,True
appliance_history,tmj_pain_rating,0.15653409475734162,208,0.22701662579580928,326,0.13543370647050665,228,True
appliance_history,vertigo_present,0.15324859176233332,199,0.24528323866294707,316,0.18021238537197776,217,True
autoimmune_condition,average_daily_pain_intensity,,8,,23,,14,False
autoimmune_condition,current_appliance,,6,,3,,2,False
autoimmune_condition,diet_score,,14,,25,,18,False
autoimmune_condition,disability_rating,,15,,25,,18,False
autoimmune_condition,earache_present,,15,,23,,15,False
autoimmune_condition,headache_frequency,,4,,14,,8,False
autoimmune_condition,headache_intensity,,15,,25,,16,False
autoimmune_condition,hearing_loss_present,,8,,19,,5,False
autoimmune_condition,jaw_clicking,,3,,7,,4,False
autoimmune_condition,jaw_crepitus,,1,,7,,6,False
autoimmune_condition,jaw_function_score,,15,,25,,18,False
autoimmune_condition,joint_arthritis_location,,16,,26,,18,False
autoimmune_condition,muscle_pain_score,,11,,16,,13,False
autoimmune_condition,muscle_symptoms_present,,15,,22,,17,False
autoimmune_condition,neck_pain_present,,4,,8,,7,False
autoimmune_condition,onset_triggers,,0,,1,,1,False
autoimmune_condition,pain_aggravating_factors,,5,,12,,6,False
autoimmune_condition,pain_relieving_factors,,0,,4,,3,False
autoimmune_condition,physical_therapy_status,,5,,9,,3,False
autoimmune_condition,sleep_apnea_diagnosed,,10,,8,,11,False
autoimmune_condition,sleep_disorder_type,,12,,13,,12,False
autoimmune_condition,tinnitus_present,,16,,23,,15,False
autoimmune_condition,tmj_pain_rating,,16,,25,,18,False
autoimmune_condition,vertigo_present,,16,,23,,14,False
average_daily_pain_intensity,current_appliance,0.4116698309196838,39,0.0,59,0.3037012647312661,44,False
average_daily_pain_intensity,diet_score,0.1759277629234683,156,0.14048522309385594,321,0.10233217228592184,271,True
average_daily_pain_intensity,disability_rating,0.2932618439486282,156,0.17606394815846785,322,0.24570010203320364,271,True
average_daily_pain_intensity,earache_present,0.08570560518668141,135,0.37198964578104093,311,0.34320313209955017,248,True
average_daily_pain_intensity,headache_frequency,0.29083492774114816,95,0.15196950324125297,183,0.19343758643887904,151,True
average_daily_pain_intensity,headache_intensity,0.20923517463338334,151,0.21785692233365317,312,0.2643589848465854,264,True
average_daily_pain_intensity,hearing_loss_present,0.290150411687544,81,0.0,195,0.23861628125467768,144,True
average_daily_pain_intensity,jaw_clicking,0.0,97,0.0,190,0.443691692825346,111,True
average_daily_pain_intensity,jaw_crepitus,,14,0.14896277711020464,72,0.0,94,False
average_daily_pain_intensity,jaw_function_score,0.21284212877513767,157,0.19177629884412517,322,0.18314521497785116,272,True
average_daily_pain_intensity,joint_arthritis_location,0.0,108,0.14301662977582696,276,0.13685705120131125,240,True
average_daily_pain_intensity,muscle_pain_score,0.17701682595005908,114,0.18379565236821896,248,0.13326495636417282,207,True
average_daily_pain_intensity,muscle_symptoms_present,0.38516801359735964,133,0.2937009282581109,277,0.47644134865632615,243,True
average_daily_pain_intensity,neck_pain_present,0.4855907408315292,45,0.40488876528106327,84,0.5150482812016859,78,True
average_daily_pain_intensity,onset_triggers,,8,0.3903047021251803,45,0.0,38,False
average_daily_pain_intensity,pain_aggravating_factors,0.24067231067891084,54,0.2546860519716622,136,0.07546206381476732,97,True
average_daily_pain_intensity,pain_relieving_factors,,9,,25,,23,False
average_daily_pain_intensity,physical_therapy_status,,23,0.0,88,0.013356982230212965,78,False
average_daily_pain_intensity,sleep_apnea_diagnosed,0.0,46,0.1152755304012271,85,0.06399701083257935,120,True
average_daily_pain_intensity,sleep_disorder_type,0.12769446997669112,72,0.049074813661010554,145,0.0,180,True
average_daily_pain_intensity,tinnitus_present,0.2864108318181408,134,0.15486197355773418,306,0.1588813813557068,246,True
average_daily_pain_intensity,tmj_pain_rating,0.340450464663399,156,0.24469627499440064,322,0.3037955619500837,271,True
average_daily_pain_intensity,vertigo_present,0.2669137977069918,136,0.26603337404499505,306,0.2661541516016534,243,True
current_appliance,diet_score,0.36394837076626213,60,0.0,61,0.0,52,True
current_appliance,disability_rating,0.0,60,0.4032586984745098,61,0.14335339335640676,51,True
current_appliance,earache_present,0.14041046868057855,57,0.25477006669788727,63,0.43540882088884575,50,True
current_appliance,headache_frequency,0.5732856727540241,31,,26,,27,False
current_appliance,headache_intensity,0.04322652993098496,61,0.1368237268403378,61,0.258437825721608,52,True
current_appliance,hearing_loss_present,0.24538060276158793,32,0.0,32,0.0,35,False
current_appliance,jaw_clicking,0.0,33,0.2556199780240786,36,,25,False
current_appliance,jaw_crepitus,,3,,15,,20,False
current_appliance,jaw_function_score,0.0,60,0.0,61,0.25642088022796666,52,True
current_appliance,joint_arthritis_location,0.15275205381812731,45,0.0,55,0.0,53,True
current_appliance,muscle_pain_score,0.154067483271945,38,0.0,53,0.4304470202449568,37,False
current_appliance,muscle_symptoms_present,0.19465514377996804,50,0.949716159867634,53,0.27796511010063546,49,True
current_appliance,neck_pain_present,,25,,22,,22,False
current_appliance,onset_triggers,,6,,13,,9,False
current_appliance,pain_aggravating_factors,0.0,34,0.06718224252026048,45,,26,False
current_appliance,pain_relieving_factors,,3,,5,,11,False
current_appliance,physical_therapy_status,,5,,24,,18,False
current_appliance,sleep_apnea_diagnosed,,17,,19,,22,False
current_appliance,sleep_disorder_type,,28,0.19208986997891944,30,0.4713046483763943,35,False
current_appliance,tinnitus_present,0.0,53,0.013511097066976329,59,0.08658587973752303,51,True
current_appliance,tmj_pain_rating,0.025210974204481082,64,0.12570515806476815,63,0.0,53,True
current_appliance,vertigo_present,0.0,56,0.16705774223789388,62,0.2139608017072281,50,True
diet_score,disability_rating,0.34744170323634865,236,0.2521440036186381,364,0.2514206707752714,298,True
diet_score,earache_present,0.3643519643638861,213,0.35370496643425514,348,0.24857154128633183,271,True
diet_score,headache_frequency,0.0,106,0.16216119799290335,187,0.06737443002914495,160,True
diet_score,headache_intensity,0.17083253511592397,229,0.1639767162275229,353,0.12965381996427508,289,True
diet_score,hearing_loss_present,0.0,130,0.0,229,0.2897565565542847,158,True
diet_score,jaw_clicking,0.0,130,0.0,210,0.0,124,True
diet_score,jaw_crepitus,,17,0.0,75,0.10060660581779693,100,False
diet_score,jaw_function_score,0.31552771948736286,238,0.3027273259474538,365,0.36067692136850227,299,True
diet_score,joint_arthritis_location,0.0,146,0.09427650124015481,296,0.096842967176435,261,True
diet_score,muscle_pain_score,0.2446894175178844,139,0.11126031334500319,261,0.0,221,True
diet_score,muscle_symptoms_present,0.4456663077285852,190,0.40161787661503323,309,0.4818528960128841,263,True
diet_score,neck_pain_present,0.4502965137462964,86,0.3970878620194563,109,0.4900574730697871,87,True
diet_score,onset_triggers,,11,0.0,45,0.3647504195881666,42,False
diet_score,pain_aggravating_factors,0.0,73,0.14456189968613717,143,0.12789865752347485,107,True
diet_score,pain_relieving_factors,,9,,26,,25,False
diet_score,physical_therapy_status,,23,0.0,90,0.0,82,False
diet_score,sleep_apnea_diagnosed,0.0,68,0.0,97,0.0,132,True
diet_score,sleep_disorder_type,0.09756277986164445,105,0.2686684335428736,160,0.18009061694495287,196,True
diet_score,tinnitus_present,0.0,209,0.23122400983059568,343,0.0,269,True
diet_score,tmj_pain_rating,0.24789856169581242,236,0.1986985571239145,364,0.11915357001094866,298,True
diet_score,vertigo_present,0.14741229302911518,213,0.2557133541902043,343,0.0,266,True
disability_rating,earache_present,0.2962577563838964,213,0.40435299200454256,347,0.3236616481132312,271,True
disability_rating,headache_frequency,0.2197027688424472,106,0.16660755319946596,188,0.1576332332368093,160,True
disability_rating,headache_intensity,0.18183995215956097,228,0.1935614450199685,352,0.19366107978171365,289,True
disability_rating,hearing_loss_present,0.0,129,0.15197821562348637,227,0.0,158,True
disability_rating,jaw_clicking,0.0,132,0.09399866799657212,210,0.0,125,True
disability_rating,jaw_crepitus,,17,0.0,75,0.0,99,False
disability_rating,jaw_function_score,0.328791626745815,238,0.22239418672139452,364,0.24831999242845668,299,True
disability_rating,joint_arthritis_location,0.0,147,0.02827850174138692,295,0.285699765096449,261,True
disability_rating,muscle_pain_score,0.39137445729068315,140,0.1801681743791073,262,0.18169085559467696,220,True
disability_rating,muscle_symptoms_present,0.4691185190712035,190,0.4198171055956639,309,0.4785382782420507,263,True
disability_rating,neck_pain_present,0.5139096243863572,85,0.4065540703560352,108,0.5940207880306975,87,True
disability_rating,onset_triggers,,10,0.0,45,0.0,42,False
disability_rating,pain_aggravating_factors,0.021360185121867614,73,0.0,143,0.0,106,True
disability_rating,pain_relieving_factors,,9,,26,,24,False
disability_rating,physical_therapy_status,,23,0.18542687699266178,90,0.10303214393570614,81,False
disability_rating,sleep_apnea_diagnosed,0.0,69,0.16821763015766744,96,0.0,132,True
disability_rating,sleep_disorder_type,0.1397843000240235,106,0.0,159,0.15405969949561696,195,True
disability_rating,tinnitus_present,0.1287303600513861,209,0.2796511454575111,342,0.15364585469630954,269,True
disability_rating,tmj_pain_rating,0.38860595662099545,236,0.22149608584484554,363,0.23929903965305585,298,True
disability_rating,vertigo_present,0.20545340477158275,213,0.3093928102521128,342,0.1753511427639569,266,True
earache_present,headache_frequency,0.2438566195852599,96,0.3695008512637241,183,0.3231212681769982,154,True
earache_present,headache_intensity,0.44227030180296684,242,0.3961197460856517,354,0.39107108592957573,268,True
earache_present,hearing_loss_present,0.24946029755575855,154,0.23665881875461348,238,0.26927380745280866,174,True
earache_present,jaw_clicking,0.0,127,0.0,215,0.1812845607223589,115,True
earache_present,jaw_crepitus,,17,0.18379363182123212,75,0.0,100,False
earache_present,jaw_function_score,0.2526484574579245,214,0.2666552486740312,349,0.27338236733036425,272,True
earache_present,joint_arthritis_location,0.0,148,0.0,301,0.0,253,True
earache_present,muscle_pain_score,0.2906002553311765,139,0.4011256962400032,272,0.12758002211821137,217,True
earache_present,muscle_symptoms_present,0.28659858279229095,204,0.16916274522349423,321,0.2588596967361801,260,True
earache_present,neck_pain_present,0.24200193194463357,90,0.3311545994089322,109,0.33869424400355097,84,True
earache_present,onset_triggers,,13,0.0,45,0.12214791353909775,40,False
earache_present,pain_aggravating_factors,0.0,70,0.0,143,0.0,103,True
earache_present,pain_relieving_factors,,10,,25,,22,False
earache_present,physical_therapy_status,,24,0.1841426273927738,91,0.0,83,False
earache_present,sleep_apnea_diagnosed,0.0,73,0.06666332523034817,101,0.0,128,True
earache_present,sleep_disorder_type,0.2001824381810687,102,0.09162325921762612,169,0.20076221076716333,190,True
earache_present,tinnitus_present,0.3984109541038087,254,0.35790270346612396,369,0.34690547098295427,291,True
earache_present,tmj_pain_rating,0.4149034887896109,248,0.46173519256162,364,0.45222529183831334,278,True
earache_present,vertigo_present,0.2737443045078769,259,0.4315649092474048,370,0.31042955953792695,290,True
headache_frequency,headache_intensity,0.2724410508533435,104,0.18962472948731357,186,0.08069424116295945,156,True
headache_frequency,hearing_loss_present,0.0,57,0.0,122,0.0,89,True
headache_frequency,jaw_clicking,0.0,70,0.0,107,0.42435719734416805,72,True
headache_frequency,jaw_crepitus,,7,0.3926653418158312,38,0.17159109887385163,61,False
headache_frequency,jaw_function_score,0.16171218698194484,107,0.11885642979507129,188,0.03668226844979349,161,True
headache_frequency,joint_arthritis_location,0.0,70,0.0,160,0.1762352421269126,147,True
headache_frequency,muscle_pain_score,0.3605928249009215,78,0.2097767286686096,145,0.12842745854915766,130,True
headache_frequency,muscle_symptoms_present,0.34910013757589026,89,0.10402758456480932,164,0.38670075546703975,149,True
headache_frequency,neck_pain_present,,29,0.36711324333010453,49,0.42335707866239797,49,False
headache_frequency,onset_triggers,,4,,27,,26,False
headache_frequency,pain_aggravating_factors,0.15679706993896161,36,0.0,78,0.23452990607385724,59,False
headache_frequency,pain_relieving_factors,,5,,11,,12,False
headache_frequency,physical_therapy_status,,16,0.30009721212467705,54,0.0,50,False
headache_frequency,sleep_apnea_diagnosed,,27,0.0,48,0.28718578834155645,65,False
headache_frequency,sleep_disorder_type,0.0,48,0.1693155410902234,82,0.2307206277855731,98,True
headache_frequency,tinnitus_present,0.0,95,0.2225039205432196,180,0.0884409374069553,152,True
headache_frequency,tmj_pain_rating,0.0,107,0.1453566805703622,189,0.14883119585476565,163,True
headache_frequency,vertigo_present,0.2855425413982554,96,0.2192028780586472,180,0.1379951749830971,150,True
headache_intensity,hearing_loss_present,0.2648584089905746,141,0.0,229,0.13884646713849383,154,True
headache_intensity,jaw_clicking,0.0,130,0.0940951853285538,208,0.07332617947574256,123,True
headache_intensity,jaw_crepitus,,18,0.06343895641782175,76,0.06868727500449685,98,False
headache_intensity,jaw_function_score,0.12518542379019357,230,0.1918188230172981,354,0.11178669351402684,290,True
headache_intensity,joint_arthritis_location,0.05316715180656204,155,0.0,293,0.09797825432584284,256,True
headache_intensity,muscle_pain_score,0.1649743575185392,141,0.16787212011637045,258,0.12652194822646445,215,True
headache_intensity,muscle_symptoms_present,0.5017725243687022,209,0.4557223232361323,312,0.3167000188682494,259,True
headache_intensity,neck_pain_present,0.540938501603684,100,0.550589329707245,114,0.3143117883047184,86,True
headache_intensity,onset_triggers,,11,0.054598807773596394,44,0.09424852191299286,41,False
headache_intensity,pain_aggravating_factors,0.0,73,0.06929141324838789,144,0.0,105,True
headache_intensity,pain_relieving_factors,,8,,25,,25,False
headache_intensity,physical_therapy_status,,23,0.0518266113648335,87,0.1874129566825568,81,False
headache_intensity,sleep_apnea_diagnosed,0.11766338707198977,78,0.0,101,0.1689036025477958,129,True
headache_intensity,sleep_disorder_type,0.07392363214081561,113,0.09847247933732084,165,0.12187112666384957,190,True
headache_intensity,tinnitus_present,0.3847292578832903,236,0.31229531961708057,348,0.18961228787138185,266,True
headache_intensity,tmj_pain_rating,0.23830561810928552,266,0.2570272643048816,374,0.28383990614498494,296,True
headache_intensity,vertigo_present,0.33735264948727334,242,0.4834002881557838,348,0.3701048110086272,265,True
hearing_loss_present,jaw_clicking,0.2603416558635551,77,0.2751492228582403,142,0.16705593862122017,67,True
hearing_loss_present,jaw_crepitus,,12,0.0,50,0.0,56,False
hearing_loss_present,jaw_function_score,0.2642440357467341,131,0.13126603417220037,228,0.20888465068916115,159,True
hearing_loss_present,joint_arthritis_location,0.0,95,0.0,189,0.0,154,True
hearing_loss_present,muscle_pain_score,0.0,82,0.2495718161174486,170,0.14402206449109528,129,True
hearing_loss_present,muscle_symptoms_present,0.0,129,0.0,205,0.0,159,True
hearing_loss_present,neck_pain_present,0.1304762108027555,62,0.0,75,0.0,49,True
hearing_loss_present,onset_triggers,,9,,25,,24,False
hearing_loss_present,pain_aggravating_factors,0.3840449587001895,46,0.24035372973921193,91,0.17604339944476535,59,True
hearing_loss_present,pain_relieving_factors,,9,,20,,15,False
hearing_loss_present,physical_therapy_status,,18,0.0,64,0.24482014778588945,52,False
hearing_loss_present,sleep_apnea_diagnosed,0.0,44,0.0,71,0.0,66,True
hearing_loss_present,sleep_disorder_type,0.25251987014057553,58,0.14319139771594933,116,0.0,109,True
hearing_loss_present,tinnitus_present,0.1893749709989193,155,0.1913885486915064,239,0.21513770534971266,174,True
hearing_loss_present,tmj_pain_rating,0.0,146,0.15990707661051246,233,0.0,162,True
hearing_loss_present,vertigo_present,0.31387261188972115,155,0.0,240,0.2116573061521039,174,True
jaw_clicking,jaw_crepitus,,12,0.40938969144372034,48,0.30938898771860923,42,False
jaw_clicking,jaw_function_score,0.0,132,0.0,212,0.0,125,True
jaw_clicking,joint_arthritis_location,0.24940216564970002,98,0.09961529976861724,201,0.17545046347176924,121,True
jaw_clicking,muscle_pain_score,0.0,93,0.0,174,0.0,91,True
jaw_clicking,muscle_symptoms_present,0.0,121,0.0,204,0.08590532736468406,111,True
jaw_clicking,neck_pain_present,0.0,50,0.0,82,0.0,40,True
jaw_clicking,onset_triggers,,9,,29,,20,False
jaw_clicking,pain_aggravating_factors,0.0,51,0.0,102,0.2866533427136144,50,True
jaw_clicking,pain_relieving_factors,,5,,19,,13,False
jaw_clicking,physical_therapy_status,,12,0.0,57,0.0,33,False
jaw_clicking,sleep_apnea_diagnosed,0.583118346626857,38,0.11876195557254458,51,0.0,55,False
jaw_clicking,sleep_disorder_type,0.23091320107942845,64,0.0,108,0.3298880202714878,81,True
jaw_clicking,tinnitus_present,0.0,125,0.0,210,0.0,116,True
jaw_clicking,tmj_pain_rating,0.0,135,0.07560174230767454,214,0.0,127,True
jaw_clicking,vertigo_present,0.0,127,0.0,210,0.25170351927851353,115,True
jaw_crepitus,jaw_function_score,,17,0.0,75,0.1969973188891806,100,False
jaw_crepitus,joint_arthritis_location,,16,0.0,78,0.13277754034218642,105,False
jaw_crepitus,muscle_pain_score,,11,0.11083603588720743,63,0.09179453167077593,84,False
jaw_crepitus,muscle_symptoms_present,,17,0.0,67,0.0,99,False
jaw_crepitus,neck_pain_present,,11,,27,,28,False
jaw_crepitus,onset_triggers,,2,,6,,18,False
jaw_crepitus,pain_aggravating_factors,,9,0.0,35,0.0,39,False
jaw_crepitus,pain_relieving_factors,,1,,6,,9,False
jaw_crepitus,physical_therapy_status,,3,0.3975911262889347,30,0.28923387920857974,41,False
jaw_crepitus,sleep_apnea_diagnosed,,5,,18,0.4697244396584851,44,False
jaw_crepitus,sleep_disorder_type,,9,0.16900075017955857,36,0.0,66,False
jaw_crepitus,tinnitus_present,,15,0.223255069917105,75,0.0,98,False
jaw_crepitus,tmj_pain_rating,,18,0.0,78,0.13503229404421438,102,False
jaw_crepitus,vertigo_present,,16,0.07200529771326691,75,0.04087766578597253,96,False
jaw_function_score,joint_arthritis_location,0.0,148,0.0,296,0.0,262,True
jaw_function_score,muscle_pain_score,0.18584135298369933,141,0.09366685049816316,262,0.10966188993546384,221,True
jaw_function_score,muscle_symptoms_present,0.4321782802222485,192,0.3950375990674963,310,0.44044146126783457,264,True
jaw_function_score,neck_pain_present,0.27902320635701056,86,0.3122647434969259,110,0.47347760825612967,87,True
jaw_function_score,onset_triggers,,11,0.0,45,0.2110812366401582,42,False
jaw_function_score,pain_aggravating_factors,0.0,73,0.11456385153247466,144,0.0,107,True
jaw_function_score,pain_relieving_factors,,9,,26,,25,False
jaw_function_score,physical_therapy_status,,23,0.0,90,0.0,82,False
jaw_function_score,sleep_apnea_diagnosed,0.0,69,0.07568674570091012,98,0.13612290011491066,132,True
jaw_function_score,sleep_disorder_type,0.11026114833922558,106,0.06412631423944437,161,0.07570964078951524,196,True
jaw_function_score,tinnitus_present,0.0,211,0.15063407565338544,344,0.0774359299592595,270,True
jaw_function_score,tmj_pain_rating,0.2946585520767894,238,0.21548309568411517,365,0.21081949550884907,299,True
jaw_function_score,vertigo_present,0.1898273100939604,215,0.2244429707035567,344,0.06720473656331738,267,True
joint_arthritis_location,muscle_pain_score,0.0,108,0.027784038996623964,239,0.10428464642134659,211,True
joint_arthritis_location,muscle_symptoms_present,0.0,145,0.048073108680644454,271,0.0,254,True
joint_arthritis_location,neck_pain_present,0.0,65,0.13553687230313854,96,0.0,80,True
joint_arthritis_location,onset_triggers,,8,0.27109283187005057,42,0.1653696300909478,45,False
joint_arthritis_location,pain_aggravating_factors,0.0,73,0.0,148,0.0,110,True
joint_arthritis_location,pain_relieving_factors,,8,,24,,25,False
joint_arthritis_location,physical_therapy_status,,20,0.4333322550718723,89,0.0,86,False
joint_arthritis_location,sleep_apnea_diagnosed,0.2161759148096542,44,0.0,77,0.05628924622951082,119,True
joint_arthritis_location,sleep_disorder_type,0.14347747891354143,84,0.0,144,0.0,186,True
joint_arthritis_location,tinnitus_present,0.21501220884249606,148,0.05847238490234867,291,0.0,253,True
joint_arthritis_location,tmj_pain_rating,0.0,158,0.0,300,0.10189210612350955,265,True
joint_arthritis_location,vertigo_present,0.0,151,0.06588264681749331,292,0.02457864665160531,250,True
muscle_pain_score,muscle_symptoms_present,0.0,158,,290,0.0,239,False
muscle_pain_score,neck_pain_present,0.0,30,0.0,76,0.0,64,False
muscle_pain_score,onset_triggers,,7,0.0,41,0.0,41,False
muscle_pain_score,pain_aggravating_factors,0.18324882052756228,51,0.13720562622216434,112,0.0,76,True
muscle_pain_score,pain_relieving_factors,,6,,19,,18,False
muscle_pain_score,physical_therapy_status,,22,0.0,83,0.09256253815286893,82,False
muscle_pain_score,sleep_apnea_diagnosed,0.15598024499864346,50,0.04876859329239471,71,0.06945159729468453,101,True
muscle_pain_score,sleep_disorder_type,0.0,74,0.0,137,0.11489823182460226,150,True
muscle_pain_score,tinnitus_present,0.027994864280402116,138,0.14344644283824184,266,0.1380646335416292,211,True
muscle_pain_score,tmj_pain_rating,0.26140308231812204,147,0.08696868618003155,268,0.24594576965732795,222,True
muscle_pain_score,vertigo_present,0.09056439051279379,140,0.3249922032070946,268,0.122743217065175,211,True
muscle_symptoms_present,neck_pain_present,0.7055725769120584,82,0.7667657041007117,111,0.869031317443058,84,True
muscle_symptoms_present,onset_triggers,,12,0.0,42,0.1336306209562122,44,False
muscle_symptoms_present,pain_aggravating_factors,0.0,64,0.23919369763633935,122,0.18366083969801844,95,True
muscle_symptoms_present,pain_relieving_factors,,10,,21,,24,False
muscle_symptoms_present,physical_therapy_status,,24,,85,,90,False
muscle_symptoms_present,sleep_apnea_diagnosed,0.17768231646718652,69,0.1228488908727323,93,0.0,124,True
muscle_symptoms_present,sleep_disorder_type,0.1927593091077171,94,0.1209162553957615,163,0.0,184,True
muscle_symptoms_present,tinnitus_present,0.2614157160608261,200,0.12048472816855425,315,0.1531573570919178,254,True
muscle_symptoms_present,tmj_pain_rating,0.5214267585356972,217,0.43752108016119046,322,0.5265929269059884,268,True
muscle_symptoms_present,vertigo_present,0.15935343358487303,204,0.19334965805169052,314,0.1758852017853314,254,True
neck_pain_present,onset_triggers,,5,,15,,21,False
neck_pain_present,pain_aggravating_factors,0.03603412152252675,31,0.4278649549129063,55,0.36733794973044825,38,False
neck_pain_present,pain_relieving_factors,,1,,7,,6,False
neck_pain_present,physical_therapy_status,,7,0.0,32,0.0,38,False
neck_pain_present,sleep_apnea_diagnosed,0.0,33,,20,0.11516335992621966,31,False
neck_pain_present,sleep_disorder_type,0.0,42,0.21683489260306596,58,0.42552199721512746,59,True
neck_pain_present,tinnitus_present,0.0,89,0.17750135440295903,105,0.07748765576720938,83,True
neck_pain_present,tmj_pain_rating,0.539044678016313,103,0.505269987329096,117,0.5482457647049969,90,True
neck_pain_present,vertigo_present,0.09130586079828683,92,0.2752194172180798,107,0.0,80,True
onset_triggers,pain_aggravating_factors,,7,0.4295146349513912,35,,26,False
onset_triggers,pain_relieving_factors,,0,,4,,7,False
onset_triggers,physical_therapy_status,,3,,21,0.0,32,False
onset_triggers,sleep_apnea_diagnosed,,2,,6,,16,False
onset_triggers,sleep_disorder_type,,3,,19,,29,False
onset_triggers,tinnitus_present,,12,0.1119364190277762,44,0.0,38,False
onset_triggers,tmj_pain_rating,,11,0.0,44,0.17084505900971847,41,False
onset_triggers,vertigo_present,,13,0.0,44,0.0,39,False
pain_aggravating_factors,pain_relieving_factors,,4,,15,,16,False
pain_aggravating_factors,physical_therapy_status,,5,0.10274213603258193,37,0.0,37,False
pain_aggravating_factors,sleep_apnea_diagnosed,,13,,23,0.0,35,False
pain_aggravating_factors,sleep_disorder_type,0.0,42,0.03856481810503133,70,0.0,77,True
pain_aggravating_factors,tinnitus_present,0.27247498925786773,68,0.11672945393232691,137,0.0,105,True
pain_aggravating_factors,tmj_pain_rating,0.0,75,0.0889146288971815,145,0.0,107,True
pain_aggravating_factors,vertigo_present,0.3612945948676337,69,0.0,138,0.15051233263444172,101,True
pain_relieving_factors,physical_therapy_status,,4,,8,,12,False
pain_relieving_factors,sleep_apnea_diagnosed,,1,,5,,9,False
pain_relieving_factors,sleep_disorder_type,,3,,8,,19,False
pain_relieving_factors,tinnitus_present,,10,,25,,22,False
pain_relieving_factors,tmj_pain_rating,,10,,26,,25,False
pain_relieving_factors,vertigo_present,,10,,25,,22,False
physical_therapy_status,sleep_apnea_diagnosed,,10,,22,0.7522804835471447,32,False
physical_therapy_status,sleep_disorder_type,,13,0.27893068532180515,43,0.19434993924107613,61,False
physical_therapy_status,tinnitus_present,,24,0.2619272872991336,92,0.0,82,False
physical_therapy_status,tmj_pain_rating,,23,0.08265078366982409,89,0.0,82,False
physical_therapy_status,vertigo_present,,24,0.0,92,0.0,81,False
sleep_apnea_diagnosed,sleep_disorder_type,0.0,67,0.3800974672631135,97,0.41409569632751997,138,True
sleep_apnea_diagnosed,tinnitus_present,0.10452902944166848,72,0.10692702673242667,99,0.0,127,True
sleep_apnea_diagnosed,tmj_pain_rating,0.0,79,0.23250421567836205,106,0.0,134,True
sleep_apnea_diagnosed,vertigo_present,0.06639025510018721,73,0.0,100,0.0,127,True
sleep_disorder_type,tinnitus_present,0.2316900661873106,100,0.12948365393798067,165,0.0,190,True
sleep_disorder_type,tmj_pain_rating,0.0,114,0.08554856230657731,171,0.09185665711818583,197,True
sleep_disorder_type,vertigo_present,0.3411165532544533,102,0.09733435653865789,166,0.10863256858472296,190,True
tinnitus_present,tmj_pain_rating,0.33593862429613763,243,0.3109010593320279,358,0.12120423078760123,276,True
tinnitus_present,vertigo_present,0.44838382949371963,256,0.4023990628009128,370,0.42996258084478384,290,True
tmj_pain_rating,vertigo_present,0.33259887660504245,249,0.3590447892163578,358,0.27174278613943426,273,True
