feature_1,feature_2,cramers_v,n_complete_cases,chi2,p_value,note
muscle_symptoms_present,neck_pain_present,0.804076795281192,283,183.3253903501817,9.107276631865115e-42,
tmj_pain_rating,neck_pain_present,0.6138645206880178,316,130.73823862774475,4.387495780523402e-22,
appliance_history,pain_relieving_factors,0.6122808586562158,55,164.84469957573677,1.2732901783204894e-09,
disability_rating,neck_pain_present,0.6097034082492612,286,116.98269226527324,7.323345015837567e-20,
headache_intensity,neck_pain_present,0.5590705440367664,307,107.68151545090754,1.718257788946122e-17,
appliance_history,neck_pain_present,0.5549404297564244,272,91.48524055227422,2.321799658104516e-16,
appliance_history,current_appliance,0.5478380272528245,173,348.9430097046392,2.729746414076876e-47,
tmj_pain_rating,muscle_symptoms_present,0.5433592611381506,826,256.587811208248,2.738116223240482e-47,
diet_score,neck_pain_present,0.5430959774340499,288,94.68539557628306,6.274582536944816e-16,
earache_present,autoimmune_condition,0.528698709388711,54,23.979220556009107,0.004334283892864123,
hearing_loss_present,autoimmune_condition,0.5223506882793337,32,15.675362318840579,0.02825356047121328,
neck_pain_present,current_appliance,0.5222835094031058,70,23.89033486326751,0.00022790485130184455,
average_daily_pain_intensity,neck_pain_present,0.5073724693612196,211,65.11078787016561,1.0271411954540168e-09,
disability_rating,muscle_symptoms_present,0.5052709601704427,779,209.63623287303045,7.413853353049052e-39,
headache_intensity,muscle_symptoms_present,0.4859587620587623,799,200.46716455975456,2.6120543796589582e-36,
tmj_pain_rating,earache_present,0.4838327727993254,906,224.86931356470134,1.0293367740919031e-40,
diet_score,muscle_symptoms_present,0.48294320598298096,779,191.46871476320774,9.671434189874615e-36,
jaw_function_score,neck_pain_present,0.47213761950756433,289,73.22968833852217,3.5307368238831646e-12,
muscle_pain_score,autoimmune_condition,0.46320410775423654,41,106.36408730158729,0.00021283542481070905,
jaw_function_score,muscle_symptoms_present,0.4583995254959275,783,174.3342767455506,3.508720345629079e-32,
tinnitus_present,vertigo_present,0.44869223825937465,935,189.03814795842425,5.155672218624257e-43,
headache_intensity,earache_present,0.44803972961957944,880,188.4635313045956,7.778233719457016e-34,
headache_frequency,onset_triggers,0.440332127067372,58,46.12339294692236,0.004278302751083567,
headache_intensity,vertigo_present,0.4350281407777506,874,178.22947329265833,3.8976077148470174e-31,
headache_frequency,neck_pain_present,0.4295852370745191,131,41.12000153417811,0.0008973185188556284,
average_daily_pain_intensity,pain_relieving_factors,0.40890443773923413,57,263.3862162162162,2.1741287590322183e-05,
tinnitus_present,earache_present,0.39918119889613185,931,149.19233941293305,2.6031440016249077e-34,
jaw_clicking,jaw_crepitus,0.39886423487176204,103,83.17182314969355,1.1290817980669409e-09,
earache_present,neck_pain_present,0.3968468082819334,288,46.201816296910636,1.0667804060111845e-11,
sleep_disorder_type,sleep_apnea_diagnosed,0.39510043352944824,312,55.570459746203454,1.1491291039121772e-09,
average_daily_pain_intensity,muscle_symptoms_present,0.39508029853293547,668,118.13174649627031,1.459949251550845e-18,
disability_rating,earache_present,0.38901733076516554,845,139.74034289171058,6.757642663623592e-24,
vertigo_present,earache_present,0.38105459404100717,936,136.7653486249869,1.3571082624551906e-31,
earache_present,appliance_history,0.36435452723636685,754,115.98500084232668,3.2366513223495184e-17,
earache_present,current_appliance,0.36037528559389814,170,29.99465736742128,0.0002118386485031038,
pain_aggravating_factors,neck_pain_present,0.3603425528861751,124,28.067656227656226,0.005407340580828496,
tmj_pain_rating,vertigo_present,0.3530961449935806,899,124.97418284947068,2.0851333648602637e-20,
diet_score,earache_present,0.3511967034637049,846,114.23324857865424,7.45322701690247e-20,
physical_therapy_status,jaw_crepitus,0.3485181409909895,75,58.79409171075838,9.43440145234649e-05,
jaw_crepitus,sleep_apnea_diagnosed,0.3429613591769273,69,12.055423371271585,0.016943846662560456,
jaw_clicking,onset_triggers,0.3411464581514433,59,21.397328038766993,0.006163599731679196,
earache_present,average_daily_pain_intensity,0.3382939464752425,707,92.81344778745044,1.4055541996600802e-14,
sleep_disorder_type,pain_relieving_factors,0.33700065941247725,30,60.650000000000006,0.05958303994389469,
pain_aggravating_factors,onset_triggers,0.3364523119029813,68,41.323722363495094,0.028783647236973867,
jaw_function_score,diet_score,0.330104924842914,922,1093.896410027112,7.574400516562964e-167,
headache_intensity,tinnitus_present,0.32907678241958327,866,105.68591998924745,4.2521711662181856e-17,
sleep_disorder_type,neck_pain_present,0.3249499002722309,160,22.82626933789724,0.0008568029351046157,
jaw_function_score,earache_present,0.32434480697677903,849,99.22089003001041,7.802797293403451e-17,
earache_present,muscle_pain_score,0.3238348923964738,640,77.02680032183488,1.9157227620148612e-12,
joint_arthritis_location,physical_therapy_status,0.30855173585492224,199,65.64993526221352,7.367872620150202e-05,
disability_rating,vertigo_present,0.30058241268792213,838,87.63700053884928,1.413286150883372e-13,
earache_present,headache_frequency,0.29911133542192186,443,60.59198410907835,1.0386529980630635e-05,
pain_aggravating_factors,pain_relieving_factors,0.29800738651670133,35,103.7490465293669,0.07093128736400423,
earache_present,hearing_loss_present,0.2947482427718718,576,50.95559084565938,9.447952188510364e-13,
appliance_history,muscle_symptoms_present,0.28844738123289315,701,74.2640625010916,1.7668479611516062e-09,
muscle_symptoms_present,current_appliance,0.28363716063446376,153,20.280508214078353,0.009325324553325926,
tmj_pain_rating,tinnitus_present,0.27867369153807114,893,82.28633843840943,4.089988917462297e-12,
earache_present,muscle_symptoms_present,0.2768365587520775,800,62.23530137555003,3.0477528282020757e-15,
jaw_clicking,sleep_apnea_diagnosed,0.2752523669292326,145,15.944192716288226,0.007005225619795408,
vertigo_present,appliance_history,0.27247554586264017,746,70.33101227764966,3.8997210138211795e-09,
diet_score,disability_rating,0.27236688768644635,918,783.7000578442866,3.556659411518464e-102,
headache_intensity,average_daily_pain_intensity,0.27102717093178746,745,881.2326399273184,3.429199737913042e-92,
average_daily_pain_intensity,autoimmune_condition,0.2694417229098991,46,138.41869682042096,0.03467097478687978,
tmj_pain_rating,average_daily_pain_intensity,0.2634237124047447,767,862.4031844005314,6.055643515559477e-89,
jaw_function_score,disability_rating,0.25869883929559206,921,729.8107252321606,4.232013365002454e-88,
vertigo_present,current_appliance,0.2568243232494038,170,19.193972868860396,0.013856001054885794,
muscle_symptoms_present,headache_frequency,0.25496674226753707,411,47.704357217634296,0.000754305773313185,
headache_frequency,current_appliance,0.2548814559764909,85,137.1115272038567,0.0037699912394328506,
diet_score,autoimmune_condition,0.2540732010452141,58,132.6266666666667,0.01612901322618649,
vertigo_present,muscle_pain_score,0.25314192245053857,633,50.514807785122414,2.1458840791500616e-07,
tinnitus_present,hearing_loss_present,0.2504573352893987,578,37.196186300448964,1.0682248449586104e-09,
tinnitus_present,appliance_history,0.24968610559886098,741,61.15411800632138,1.5954216065603455e-07,
joint_arthritis_location,onset_triggers,0.24610522196604867,96,15.426297733274478,0.003894010724385302,
headache_intensity,tmj_pain_rating,0.24362589209337243,957,897.5533618825738,1.1880447797613335e-99,
disability_rating,tinnitus_present,0.24150283770462275,834,60.59791172190163,1.7559436367739114e-08,
airway_obstruction_present,sleep_apnea_diagnosed,0.24119810226185776,329,20.08477146042364,7.408422954046162e-06,
jaw_function_score,hearing_loss_present,0.23490367878121834,526,38.988305124882835,2.5508532671685142e-05,
headache_frequency,physical_therapy_status,0.2321461836913426,122,221.02078500772186,0.0003245801411781139,
tmj_pain_rating,disability_rating,0.23122260050168494,917,736.7797569458262,3.593582002376312e-76,
disability_rating,average_daily_pain_intensity,0.23113709884138492,767,598.4695702507486,1.1805184141973192e-53,
vertigo_present,average_daily_pain_intensity,0.22962701630189905,701,49.928492733046525,3.0668736955856854e-06,
muscle_pain_score,hearing_loss_present,0.22875342622960174,387,28.219248008045174,0.0004343062102219868,
tinnitus_present,autoimmune_condition,0.22643885246603077,54,12.905263157894737,0.22901701224339732,
earache_present,pain_relieving_factors,0.2263618108725224,57,18.136363636363637,0.2555644084723278,
muscle_pain_score,neck_pain_present,0.22236141402812845,174,15.594092152424071,0.029094859616738706,
jaw_function_score,pain_relieving_factors,0.22221470063396465,60,187.31785714285712,0.0688084018936535,
muscle_pain_score,pain_relieving_factors,0.2192301799651373,43,103.47932506335866,0.12420341506313176,
tmj_pain_rating,pain_relieving_factors,0.21720244468492897,61,240.77217189314754,0.059181531455964546,
tmj_pain_rating,jaw_function_score,0.21668876473107207,922,558.356722103858,1.9947294625860745e-54,
tinnitus_present,muscle_symptoms_present,0.21662275309348172,783,37.69689498285045,8.26359923500156e-10,
vertigo_present,muscle_symptoms_present,0.21658323694108406,789,37.96494874405105,7.202707487456895e-10,
tinnitus_present,neck_pain_present,0.215854735606232,283,14.142682136125572,0.00016945496502326335,
disability_rating,autoimmune_condition,0.21363994767737088,59,134.18245192307694,0.05839227792383894,
headache_frequency,sleep_apnea_diagnosed,0.21046170767018213,143,22.402130641996074,0.13067536224148776,
diet_score,vertigo_present,0.2100543147699601,839,46.986799620314414,9.495062575423094e-07,
tmj_pain_rating,autoimmune_condition,0.2082876742494812,60,133.48275261324042,0.06338069720579714,
vertigo_present,hearing_loss_present,0.20772643252229261,579,25.94251195351604,3.517371446386931e-07,
pain_aggravating_factors,airway_obstruction_present,0.20515432029449174,281,32.8595723225988,0.04779762460802652,
jaw_function_score,vertigo_present,0.20331092258417044,843,44.816176298504594,2.3472209232837843e-06,
tmj_pain_rating,hearing_loss_present,0.19676388054702107,550,34.27870644979928,0.0010916075253589426,
appliance_history,jaw_crepitus,0.1960061547040782,178,62.93913220623238,0.0035978346131123585,
airway_obstruction_present,neck_pain_present,0.19372153379710896,283,11.586318230351441,0.0006643882046420425,
tmj_pain_rating,diet_score,0.1934247562877056,918,469.8489646930999,5.5818105841673395e-40,
airway_obstruction_present,jaw_crepitus,0.19082511662178164,162,9.887308791713872,0.04236934245871304,
tinnitus_present,current_appliance,0.1907701431628131,165,15.023148732401694,0.09030207999437352,
vertigo_present,neck_pain_present,0.1887366018148201,285,11.119903080474623,0.0008540624956534065,
airway_obstruction_present,appliance_history,0.1859879794490768,662,38.88915375495232,0.0011284007000793353,
vertigo_present,headache_frequency,0.18474683393068758,437,35.92937404887611,0.022267957082296983,
jaw_function_score,average_daily_pain_intensity,0.18460394448319942,769,398.83455220619277,1.0646603135258265e-26,
sleep_disorder_type,onset_triggers,0.18318391068186038,51,6.777146129732337,0.23774878818090178,
jaw_function_score,appliance_history,0.18144244668746465,736,409.23589761932647,9.152529747206102e-22,
diet_score,hearing_loss_present,0.1803422555901853,525,27.061246377354003,0.0025468590351573972,
appliance_history,onset_triggers,0.17654239466759794,92,13.696641181041182,0.09002312871997104,
headache_intensity,disability_rating,0.17573777270972507,889,481.19140780001186,7.484335104858391e-35,
average_daily_pain_intensity,onset_triggers,0.1743272680548363,92,23.666665723528464,0.1662544585677172,
vertigo_present,sleep_disorder_type,0.17354301512614453,468,21.079646974883687,0.0036540400225375975,
headache_intensity,hearing_loss_present,0.1717931743059802,533,26.72148121704572,0.005061647687039623,
disability_rating,hearing_loss_present,0.1705572921247873,522,26.1768379455382,0.0061078872740856285,
diet_score,appliance_history,0.169469726913936,733,377.8738326417373,7.729708759568505e-18,
disability_rating,appliance_history,0.16766533044072418,734,410.8225315199505,7.71230643478928e-19,
headache_intensity,jaw_function_score,0.16464562648122621,894,369.77887278046376,7.331067865104732e-25,
average_daily_pain_intensity,headache_frequency,0.1639991371306858,439,358.14500270494545,1.5789163062976513e-07,
earache_present,sleep_disorder_type,0.1617160083412486,469,19.254068906062408,0.007427613250846801,
earache_present,jaw_crepitus,0.16131662840603506,196,9.094875016007473,0.058771314183685655,
headache_intensity,muscle_pain_score,0.15945034807911798,630,277.8181006930073,1.541503933155116e-14,
tmj_pain_rating,muscle_pain_score,0.15815287807088488,654,291.2746742944462,2.207730885095869e-14,
disability_rating,muscle_pain_score,0.1547815284443681,638,260.62090281617157,3.026933951126964e-14,
vertigo_present,pain_aggravating_factors,0.154552240614704,308,25.391677405237726,0.1145021583409483,
joint_arthritis_location,sleep_apnea_diagnosed,0.15425510709630894,248,7.885276433552391,0.019396973761109805,
average_daily_pain_intensity,muscle_pain_score,0.15383402238360366,584,276.0726410418519,5.926799248207971e-11,
current_appliance,physical_therapy_status,0.15271206213538377,47,28.52483500185391,0.23852716646811362,
diet_score,average_daily_pain_intensity,0.15199687367717285,766,314.8390415631794,1.7544571144799821e-15,
joint_arthritis_location,jaw_clicking,0.14869239954047656,425,28.72795383634967,0.001378827481748971,
disability_rating,headache_frequency,0.14749696717373523,464,350.92392824763624,5.747603304661498e-06,
average_daily_pain_intensity,current_appliance,0.14501548056881744,144,111.48605750565162,0.04620567465061807,
headache_intensity,headache_frequency,0.14488801099517995,457,407.788329088447,2.8712011765884556e-06,
average_daily_pain_intensity,hearing_loss_present,0.14336665370997986,428,20.804611796762043,0.05331586357185301,
headache_intensity,diet_score,0.14309256209716084,891,310.5327572953886,8.351504110630494e-17,
muscle_symptoms_present,sleep_disorder_type,0.14276093633057613,453,16.227511229429012,0.02311715097430081,
diet_score,tinnitus_present,0.13742153718585962,835,25.761789952199514,0.0040741251599302935,
earache_present,airway_obstruction_present,0.13736106420079033,726,14.68069820525267,0.00012734370365546566,
headache_intensity,current_appliance,0.1351209112087286,176,126.99852754782579,0.030431288932130575,
tmj_pain_rating,appliance_history,0.13489643345459007,774,401.30531417468933,1.3579614250967866e-12,
airway_obstruction_present,sleep_disorder_type,0.13280312138502184,494,15.709040850240077,0.027911686888248695,
hearing_loss_present,sleep_disorder_type,0.13176795659569648,286,11.972896881263734,0.10145369960596631,
tinnitus_present,headache_frequency,0.1316643980126671,437,28.606409352222727,0.12377598521272809,
tmj_pain_rating,airway_obstruction_present,0.1303892180960235,756,25.853213912452123,0.017788806867040183,
vertigo_present,jaw_crepitus,0.12946547822193855,191,7.2056133238923215,0.1254133244793494,
pain_aggravating_factors,average_daily_pain_intensity,0.12926604675362113,287,236.9443921440637,0.01166888711675805,
tinnitus_present,average_daily_pain_intensity,0.12808432776046208,699,24.46970646057495,0.02707438620456347,
airway_obstruction_present,muscle_pain_score,0.12732048211915545,526,17.527627192693604,0.041066655671542114,
neck_pain_present,onset_triggers,0.12568889118940085,42,1.6717105263157894,0.19602958014194238,
jaw_function_score,tinnitus_present,0.12562441439767139,839,23.2368058888243,0.00990544267802821,
tmj_pain_rating,headache_frequency,0.1255555618018426,470,380.259234462086,0.00015707940958035075,
tinnitus_present,muscle_pain_score,0.12391165661175427,626,19.612287086110484,0.03314057082209464,
pain_aggravating_factors,hearing_loss_present,0.12195379550846377,196,16.971900607983084,0.2576783795415831,
hearing_loss_present,jaw_clicking,0.12007996055231113,288,9.155680879515383,0.10301338212282257,
diet_score,pain_aggravating_factors,0.11935206679938934,323,265.2653925350197,0.01985356618146501,
average_daily_pain_intensity,appliance_history,0.1129436602440812,621,296.13660017388753,3.973182982070949e-06,
muscle_pain_score,headache_frequency,0.11090468864556807,361,211.22147854601818,0.0359368302957158,
headache_intensity,appliance_history,0.1100986312717809,748,287.297557565655,6.372259483031414e-07,
jaw_function_score,headache_frequency,0.1098256189148075,466,275.4717239320742,0.006545416261399461,
joint_arthritis_location,jaw_crepitus,0.10978522657020336,204,12.908500946599002,0.11503682174678856,
headache_intensity,jaw_crepitus,0.10963377304651958,197,53.50261216354967,0.15433743812696654,
jaw_clicking,pain_relieving_factors,0.10799512224434699,37,34.42321428571429,0.35252160953419465,
diet_score,headache_frequency,0.10723645760197313,463,272.5671513835217,0.009099493078036099,
neck_pain_present,physical_therapy_status,0.10690199427066023,78,9.996693502012654,0.35075295912778737,
jaw_function_score,muscle_pain_score,0.10618522616015737,640,171.18913420415493,1.2232478708468635e-05,
sleep_disorder_type,current_appliance,0.10534724146494545,94,35.25822567223175,0.23336593781387394,
diet_score,sleep_disorder_type,0.1045022104650228,470,105.54214032775172,0.0038860051964885005,
hearing_loss_present,headache_frequency,0.10088608859808332,275,18.847129801686023,0.2766702216009674,
diet_score,muscle_pain_score,0.09913687641485594,637,161.77800146587003,9.101079059333201e-05,
jaw_function_score,pain_aggravating_factors,0.09695346238669428,324,225.25957174494414,0.0893558053836794,
diet_score,jaw_crepitus,0.09600400622348136,197,47.318675074189485,0.19860029311047933,
jaw_clicking,current_appliance,0.09538389161237482,94,39.42254698047802,0.278660154166594,
airway_obstruction_present,muscle_symptoms_present,0.095004251083764,683,7.157053909096695,0.007466974020078369,
joint_arthritis_location,average_daily_pain_intensity,0.09488146082669364,637,37.473988226631974,0.06770823794337048,
disability_rating,current_appliance,0.0945845891543631,174,103.801215600465,0.1516304274677058,
headache_frequency,sleep_disorder_type,0.09219789227988492,232,126.01879376604,0.20799730696427607,
tmj_pain_rating,jaw_crepitus,0.09065092757984462,203,58.79797701848793,0.24061372012502963,
tinnitus_present,airway_obstruction_present,0.09051824251224232,715,6.851585375099396,0.008856265118879894,
hearing_loss_present,sleep_apnea_diagnosed,0.09047564389144898,183,2.4952727973780604,0.11418858867077282,
pain_aggravating_factors,muscle_symptoms_present,0.09039170110172476,281,23.36275551493055,0.32494615325631937,
airway_obstruction_present,jaw_clicking,0.0893655087045461,392,8.13536920983092,0.14893127571567183,
jaw_function_score,jaw_crepitus,0.08921878279873924,197,46.34854504700913,0.22691063817428617,
joint_arthritis_location,muscle_pain_score,0.08899385100192665,572,29.063663077167508,0.08651337250582547,
headache_intensity,jaw_clicking,0.08737906673629299,468,77.80333044413274,0.06091627635189295,
headache_intensity,airway_obstruction_present,0.08383836449369375,729,18.13486583860565,0.15246550190873234,
muscle_symptoms_present,sleep_apnea_diagnosed,0.08138933397557147,293,2.937675287852932,0.0865351933234967,
pain_aggravating_factors,muscle_pain_score,0.08089623811216125,239,151.2146709358435,0.2442498759332005,
earache_present,pain_aggravating_factors,0.07808180391928676,316,21.98395466120902,0.3413819413655941,
vertigo_present,autoimmune_condition,0.07807875748756624,53,10.50919765919766,0.3970102157951947,
joint_arthritis_location,tinnitus_present,0.07792713676429704,705,6.277969888757888,0.043326754654771635,
vertigo_present,airway_obstruction_present,0.0766341518236278,723,5.241533616463382,0.02205382433994544,
tmj_pain_rating,sleep_apnea_diagnosed,0.07638389963113132,326,12.930040741467174,0.2979225117166358,
joint_arthritis_location,neck_pain_present,0.07541597780879955,245,3.395940420560746,0.18305470977884572,
disability_rating,jaw_clicking,0.07484564926847728,473,68.22460735619099,0.10851583044306697,
jaw_clicking,neck_pain_present,0.07412973155201752,175,5.984871825871945,0.30769374033063435,
disability_rating,pain_aggravating_factors,0.07302966242855931,322,227.29253870807918,0.1965521452198377,
joint_arthritis_location,sleep_disorder_type,0.07248028681955548,426,18.487768129654775,0.18545951890048024,
joint_arthritis_location,diet_score,0.0721988359908235,717,27.48202468317634,0.1222390844381936,
muscle_symptoms_present,hearing_loss_present,0.07183446064508235,500,3.5769283453032097,0.05858738948184406,
sleep_disorder_type,jaw_crepitus,0.07054047147141626,115,26.419153338945,0.33224551162274973,
headache_frequency,jaw_crepitus,0.06998507190957408,107,62.583237468193005,0.38468237654972465,
headache_intensity,sleep_apnea_diagnosed,0.06808216271172472,315,11.487279168200224,0.3208343683583634,
jaw_function_score,current_appliance,0.06629302525022145,175,88.02925060646716,0.277897565434828,
tinnitus_present,jaw_crepitus,0.06587043423501503,191,4.845423475387707,0.30352885616013164,
tinnitus_present,pain_aggravating_factors,0.06528163465298899,310,19.37510140859814,0.3690749662779679,
average_daily_pain_intensity,jaw_crepitus,0.06510409668362065,185,47.30746729100379,0.3391364445500216,
tmj_pain_rating,current_appliance,0.06450668153065792,182,115.07367425278213,0.30281635971139226,
jaw_clicking,sleep_disorder_type,0.06433800901511573,256,40.331770232507125,0.24624972194639366,
airway_obstruction_present,current_appliance,0.061158736074066876,167,9.67509924069143,0.3774222380820064,
joint_arthritis_location,autoimmune_condition,0.05822225097395838,61,11.386666666666667,0.41146088622831095,
tmj_pain_rating,jaw_clicking,0.05575439992304278,483,72.56413547453724,0.24281730287334014,
muscle_symptoms_present,jaw_clicking,0.05483512448953341,442,6.337369927236202,0.2747613072381176,
diet_score,current_appliance,0.051542716468829596,175,94.48504218392976,0.352562187654493,
tmj_pain_rating,pain_aggravating_factors,0.050913514336715496,327,297.45725982729533,0.30833051505634995,
tmj_pain_rating,sleep_disorder_type,0.048810985268105817,493,92.27580121082244,0.25152243895421234,
disability_rating,sleep_disorder_type,0.047863637756516725,469,91.58810788496078,0.2677049337181597,
hearing_loss_present,neck_pain_present,0.04716798927967289,189,1.423573326776641,0.2328161453267853,
average_daily_pain_intensity,sleep_apnea_diagnosed,0.04579764526588331,258,12.585722493978016,0.39985667594076124,
pain_aggravating_factors,headache_frequency,0.043679532845634875,173,329.934456274029,0.38319847313848204,
current_appliance,sleep_apnea_diagnosed,0.041899313179837874,59,5.187998670212766,0.3933702618350424,
appliance_history,headache_frequency,0.041524999173423005,389,227.73621823189134,0.3459528352187601,
appliance_history,hearing_loss_present,0.03798901000481699,471,10.699561019319765,0.38139895398053514,
average_daily_pain_intensity,jaw_clicking,0.034558567252826175,403,62.52582565472341,0.3866300797830761,
tinnitus_present,sleep_disorder_type,0.03199001762055763,462,7.486951687720844,0.3799955235636827,
headache_intensity,sleep_disorder_type,0.02690543863330925,479,86.56743229306139,0.402286570609472,
joint_arthritis_location,vertigo_present,0.018791407585857112,709,2.252831195337167,0.32419321521727934,
jaw_function_score,airway_obstruction_present,0.013035214284369434,695,10.132331244204076,0.4289611903946619,
joint_arthritis_location,disability_rating,0.012720163321813775,717,22.262103006613422,0.4443404985837983,
jaw_function_score,onset_triggers,0.0,99,16.815453141783028,0.664922496098675,
jaw_function_score,sleep_disorder_type,0.0,472,64.06051900219734,0.6772894578957752,
jaw_function_score,jaw_clicking,0.0,475,44.274160749446715,0.5025869489772729,
jaw_function_score,sleep_apnea_diagnosed,0.0,306,8.481695283699203,0.5818934900819672,
jaw_clicking,physical_therapy_status,0.0,104,48.73233336345291,0.7114741626681217,
headache_intensity,physical_therapy_status,0.0,195,165.52310103181054,0.4739018239901249,
headache_intensity,onset_triggers,0.0,97,7.865440511162436,0.9805728791219726,
headache_intensity,pain_aggravating_factors,0.0,322,214.26662173885637,0.9000181376758543,
headache_intensity,pain_relieving_factors,0.0,58,123.29213675213674,0.9457814750660888,
jaw_clicking,headache_frequency,0.0,253,83.83906083118231,0.6628016309414563,
headache_intensity,autoimmune_condition,0.0,57,83.23357142857144,0.6799393803191649,
joint_arthritis_location,current_appliance,0.0,154,16.672941364164384,0.5456888448225066,
tinnitus_present,pain_relieving_factors,0.0,57,15.086904761904762,0.44517559342266866,
tinnitus_present,sleep_apnea_diagnosed,0.0,303,0.8215177334850308,0.3647367896605881,
tinnitus_present,onset_triggers,0.0,95,0.3673566720535809,0.8322034506466479,
tinnitus_present,physical_therapy_status,0.0,200,12.075059514323629,0.6733389542712251,
joint_arthritis_location,pain_relieving_factors,0.0,57,28.813813813813823,0.6286021894268081,
disability_rating,pain_relieving_factors,0.0,59,133.4271672771673,0.7255481606149768,
disability_rating,jaw_crepitus,0.0,196,38.22964538116048,0.5501455924392301,
tinnitus_present,jaw_clicking,0.0,456,2.5171366753142252,0.7739120713080454,
diet_score,sleep_apnea_diagnosed,0.0,304,5.03635526954996,0.8887362466565305,
disability_rating,airway_obstruction_present,0.0,690,8.095239912054806,0.704747815200474,
disability_rating,sleep_apnea_diagnosed,0.0,304,4.644698248288609,0.9471462267839285,
disability_rating,physical_therapy_status,0.0,198,149.26764434586235,0.5015293923914104,
diet_score,jaw_clicking,0.0,470,47.81689387179797,0.5614304585170051,
diet_score,onset_triggers,0.0,99,18.37777210884354,0.5625377041671268,
diet_score,physical_therapy_status,0.0,199,121.19171069161118,0.9594522741860959,
diet_score,pain_relieving_factors,0.0,60,133.425,0.7255929399763855,
disability_rating,onset_triggers,0.0,98,16.55712121212121,0.681515848516478,
tmj_pain_rating,joint_arthritis_location,0.0,739,16.071014991055442,0.9344787495273509,
hearing_loss_present,pain_relieving_factors,0.0,44,7.943280423280422,0.7895469750618987,
sleep_disorder_type,autoimmune_condition,0.0,38,27.310157790927025,0.9827468447493923,
neck_pain_present,sleep_apnea_diagnosed,0.0,84,0.8637608966376091,0.3526883671698343,
neck_pain_present,jaw_crepitus,0.0,66,2.4985354691075514,0.6448980590784459,
sleep_disorder_type,physical_therapy_status,0.0,119,75.75444997083297,0.5509276220051693,
diet_score,airway_obstruction_present,0.0,691,6.108425483170595,0.8060729899337118,
vertigo_present,jaw_clicking,0.0,458,4.985396273942637,0.41766504942692595,
jaw_function_score,autoimmune_condition,0.0,59,110.6847023809524,0.463742271139285,
jaw_function_score,physical_therapy_status,0.0,199,145.4439549624808,0.5898481110426579,
appliance_history,jaw_clicking,0.0,416,25.088044434384695,0.9684593076690103,
appliance_history,physical_therapy_status,0.0,210,89.45218122351207,0.9991038674920922,
appliance_history,sleep_disorder_type,0.0,430,78.19761102185097,0.657864760631097,
appliance_history,muscle_pain_score,0.0,569,131.60217547048103,0.7620922849721169,
airway_obstruction_present,autoimmune_condition,0.0,52,4.039578947368421,0.853534958471066,
average_daily_pain_intensity,physical_therapy_status,0.0,193,152.47864541403806,0.9456966835554627,
average_daily_pain_intensity,sleep_disorder_type,0.0,406,86.13747084917293,0.624528671532753,
airway_obstruction_present,hearing_loss_present,0.0,436,0.9294556412933981,0.3350044163031153,
airway_obstruction_present,headache_frequency,0.0,351,15.407957711763165,0.8441438696219703,
airway_obstruction_present,onset_triggers,0.0,79,0.5301264392173479,0.7671574490490469,
airway_obstruction_present,physical_therapy_status,0.0,154,12.719327716446228,0.4697178973535747,
airway_obstruction_present,pain_relieving_factors,0.0,49,9.81701388888889,0.7754357168158812,
average_daily_pain_intensity,airway_obstruction_present,0.0,562,9.014886358379487,0.7718183100481699,
earache_present,physical_therapy_status,0.0,200,13.205303300987913,0.510425372250892,
earache_present,onset_triggers,0.0,99,1.2512537272973705,0.5349259977325758,
earache_present,jaw_clicking,0.0,463,4.152107704048669,0.5277306464406583,
vertigo_present,sleep_apnea_diagnosed,0.0,307,0.02414292265771906,0.8765218055112711,
vertigo_present,onset_triggers,0.0,97,1.1015388704862388,0.5765060556050435,
vertigo_present,physical_therapy_status,0.0,201,11.628882963889817,0.7068746028525752,
vertigo_present,pain_relieving_factors,0.0,57,14.186822660098521,0.5114098840782899,
earache_present,sleep_apnea_diagnosed,0.0,307,0.028719554302320434,0.8654281895372309,
pain_aggravating_factors,jaw_clicking,0.0,203,78.82098225496259,0.7939550263505188,
pain_aggravating_factors,appliance_history,0.0,284,123.6171507481019,0.9999996405003779,
pain_aggravating_factors,current_appliance,0.0,105,80.00377176015473,0.9999542420260923,
pain_aggravating_factors,sleep_disorder_type,0.0,189,122.29757735521676,0.5766926233794281,
pain_aggravating_factors,physical_therapy_status,0.0,79,32.205151494987135,0.9999866208735386,
pain_aggravating_factors,jaw_crepitus,0.0,83,26.784060296217042,0.9456922948315057,
pain_aggravating_factors,sleep_apnea_diagnosed,0.0,71,7.4274279864116535,0.4912945873561,
joint_arthritis_location,jaw_function_score,0.0,720,19.64455459725497,0.4803525987672249,
muscle_symptoms_present,muscle_pain_score,0.0,705,6.469494047619047,0.7743978480260107,
joint_arthritis_location,headache_frequency,0.0,385,17.69880629226396,0.9996454992529271,
joint_arthritis_location,muscle_symptoms_present,0.0,686,0.5525441806579746,0.7586064931873779,
joint_arthritis_location,hearing_loss_present,0.0,445,2.926577991616251e-06,0.9999985367120748,
joint_arthritis_location,appliance_history,0.0,646,14.85590772134477,0.9957844840208273,
joint_arthritis_location,earache_present,0.0,716,0.8935185565670407,0.6396978789134595,
joint_arthritis_location,pain_aggravating_factors,0.0,331,38.603650848498376,0.701498803965545,
joint_arthritis_location,airway_obstruction_present,0.0,607,1.0987253648138053,0.5773176278407959,
appliance_history,autoimmune_condition,0.0,50,58.48710317460317,0.73298948196504,
tmj_pain_rating,onset_triggers,0.0,97,11.245771692802188,0.9395981211248887,
tmj_pain_rating,physical_therapy_status,0.0,198,159.32019180259496,0.9710266124612175,
appliance_history,sleep_apnea_diagnosed,0.0,284,8.861709630007338,0.5452763108462777,
muscle_symptoms_present,autoimmune_condition,0.0,55,5.009790100250627,0.8905230713279554,
muscle_symptoms_present,onset_triggers,0.0,99,0.4705337113274991,0.7903599094664571,
muscle_symptoms_present,pain_relieving_factors,0.0,55,1.6746794871794872,0.9999909752983293,
muscle_symptoms_present,jaw_crepitus,0.0,189,0.7308593875806709,0.9474695111917268,
muscle_pain_score,sleep_apnea_diagnosed,0.0,228,4.231172015142581,0.8356871345598383,
muscle_pain_score,jaw_crepitus,0.0,164,27.337600112863086,0.4999258829924197,
muscle_pain_score,physical_therapy_status,0.0,191,87.57226998702569,0.9254305758394501,
muscle_pain_score,onset_triggers,0.0,90,9.13352900969,0.691484944053439,
muscle_pain_score,current_appliance,0.0,129,55.231627659000104,0.7462316003622457,
muscle_pain_score,sleep_disorder_type,0.0,370,53.65622392768138,0.7931310205350308,
muscle_pain_score,jaw_clicking,0.0,363,41.50299680097041,0.6208874038464728,
hearing_loss_present,current_appliance,0.0,99,4.64418385220093,0.5901889979472887,
hearing_loss_present,jaw_crepitus,0.0,119,2.0795142345344915,0.7211368335727426,
hearing_loss_present,physical_therapy_status,0.0,136,12.060078768349443,0.4408667795331065,
hearing_loss_present,onset_triggers,0.0,58,0.4194559466298595,0.8108047765093244,
current_appliance,jaw_crepitus,0.0,38,13.442384004884005,0.6401786787300756,
onset_triggers,physical_therapy_status,0.0,56,5.87497905144964,0.43733988868753726,
physical_therapy_status,sleep_apnea_diagnosed,0.0,65,8.991217178886556,0.4380853182363462,
headache_intensity,joint_arthritis_location,0.0,719,19.771458039153618,0.7096958382907297,
sleep_apnea_diagnosed,autoimmune_condition,0.0,30,6.0964912280701755,0.6364242406624935,
pain_aggravating_factors,autoimmune_condition,,23,,,below min-pair-n (30)
muscle_symptoms_present,physical_therapy_status,,203,,,
jaw_clicking,autoimmune_condition,,14,,,below min-pair-n (30)
headache_frequency,pain_relieving_factors,,28,,,below min-pair-n (30)
headache_frequency,autoimmune_condition,,27,,,below min-pair-n (30)
neck_pain_present,pain_relieving_factors,,14,,,below min-pair-n (30)
neck_pain_present,autoimmune_condition,,19,,,below min-pair-n (30)
current_appliance,onset_triggers,,28,,,below min-pair-n (30)
current_appliance,pain_relieving_factors,,19,,,below min-pair-n (30)
current_appliance,autoimmune_condition,,11,,,below min-pair-n (30)
onset_triggers,jaw_crepitus,,26,,,below min-pair-n (30)
onset_triggers,pain_relieving_factors,,11,,,below min-pair-n (30)
onset_triggers,sleep_apnea_diagnosed,,24,,,below min-pair-n (30)
onset_triggers,autoimmune_condition,,2,,,below min-pair-n (30)
physical_therapy_status,pain_relieving_factors,,24,,,below min-pair-n (30)
physical_therapy_status,autoimmune_condition,,17,,,below min-pair-n (30)
jaw_crepitus,pain_relieving_factors,,16,,,below min-pair-n (30)
jaw_crepitus,autoimmune_condition,,14,,,below min-pair-n (30)
pain_relieving_factors,sleep_apnea_diagnosed,,15,,,below min-pair-n (30)
pain_relieving_factors,autoimmune_condition,,7,,,below min-pair-n (30)
