,headache_intensity,tmj_pain_rating,joint_arthritis_location,jaw_function_score,diet_score,disability_rating,tinnitus_present,vertigo_present,earache_present,pain_aggravating_factors,average_daily_pain_intensity,airway_obstruction_present,appliance_history,muscle_symptoms_present,muscle_pain_score,hearing_loss_present,jaw_clicking,headache_frequency,sleep_disorder_type,neck_pain_present,current_appliance,onset_triggers,physical_therapy_status,jaw_crepitus,pain_relieving_factors,sleep_apnea_diagnosed,autoimmune_condition
headache_intensity,1.0,0.24362589209337243,0.0,0.16464562648122621,0.14309256209716084,0.17573777270972507,0.32907678241958327,0.4350281407777506,0.44803972961957944,0.0,0.27102717093178746,0.08383836449369375,0.1100986312717809,0.4859587620587623,0.15945034807911798,0.1717931743059802,0.08737906673629299,0.14488801099517995,0.02690543863330925,0.5590705440367664,0.1351209112087286,0.0,0.0,0.10963377304651958,0.0,0.06808216271172472,0.0
tmj_pain_rating,0.24362589209337243,1.0,0.0,0.21668876473107207,0.1934247562877056,0.23122260050168494,0.27867369153807114,0.3530961449935806,0.4838327727993254,0.050913514336715496,0.2634237124047447,0.1303892180960235,0.13489643345459007,0.5433592611381506,0.15815287807088488,0.19676388054702107,0.05575439992304278,0.1255555618018426,0.048810985268105817,0.6138645206880178,0.06450668153065792,0.0,0.0,0.09065092757984462,0.21720244468492897,0.07638389963113132,0.2082876742494812
joint_arthritis_location,0.0,0.0,1.0,0.0,0.0721988359908235,0.012720163321813775,0.07792713676429704,0.018791407585857112,0.0,0.0,0.09488146082669364,0.0,0.0,0.0,0.08899385100192665,0.0,0.14869239954047656,0.0,0.07248028681955548,0.07541597780879955,0.0,0.24610522196604867,0.30855173585492224,0.10978522657020336,0.0,0.15425510709630894,0.05822225097395838
jaw_function_score,0.16464562648122621,0.21668876473107207,0.0,1.0,0.330104924842914,0.25869883929559206,0.12562441439767139,0.20331092258417044,0.32434480697677903,0.09695346238669428,0.18460394448319942,0.013035214284369434,0.18144244668746465,0.4583995254959275,0.10618522616015737,0.23490367878121834,0.0,0.1098256189148075,0.0,0.47213761950756433,0.06629302525022145,0.0,0.0,0.08921878279873924,0.22221470063396465,0.0,0.0
diet_score,0.14309256209716084,0.1934247562877056,0.0721988359908235,0.330104924842914,1.0,0.27236688768644635,0.13742153718585962,0.2100543147699601,0.3511967034637049,0.11935206679938934,0.15199687367717285,0.0,0.169469726913936,0.48294320598298096,0.09913687641485594,0.1803422555901853,0.0,0.10723645760197313,0.1045022104650228,0.5430959774340499,0.051542716468829596,0.0,0.0,0.09600400622348136,0.0,0.0,0.2540732010452141
disability_rating,0.17573777270972507,0.23122260050168494,0.012720163321813775,0.25869883929559206,0.27236688768644635,1.0,0.24150283770462275,0.30058241268792213,0.38901733076516554,0.07302966242855931,0.23113709884138492,0.0,0.16766533044072418,0.5052709601704427,0.1547815284443681,0.1705572921247873,0.07484564926847728,0.14749696717373523,0.047863637756516725,0.6097034082492612,0.0945845891543631,0.0,0.0,0.0,0.0,0.0,0.21363994767737088
tinnitus_present,0.32907678241958327,0.27867369153807114,0.07792713676429704,0.12562441439767139,0.13742153718585962,0.24150283770462275,1.0,0.44869223825937465,0.39918119889613185,0.06528163465298899,0.12808432776046208,0.09051824251224232,0.24968610559886098,0.21662275309348172,0.12391165661175427,0.2504573352893987,0.0,0.1316643980126671,0.03199001762055763,0.215854735606232,0.1907701431628131,0.0,0.0,0.06587043423501503,0.0,0.0,0.22643885246603077
vertigo_present,0.4350281407777506,0.3530961449935806,0.018791407585857112,0.20331092258417044,0.2100543147699601,0.30058241268792213,0.44869223825937465,1.0,0.38105459404100717,0.154552240614704,0.22962701630189905,0.0766341518236278,0.27247554586264017,0.21658323694108406,0.25314192245053857,0.20772643252229261,0.0,0.18474683393068758,0.17354301512614453,0.1887366018148201,0.2568243232494038,0.0,0.0,0.12946547822193855,0.0,0.0,0.07807875748756624
earache_present,0.44803972961957944,0.4838327727993254,0.0,0.32434480697677903,0.3511967034637049,0.38901733076516554,0.39918119889613185,0.38105459404100717,1.0,0.07808180391928676,0.3382939464752425,0.13736106420079033,0.36435452723636685,0.2768365587520775,0.3238348923964738,0.2947482427718718,0.0,0.29911133542192186,0.1617160083412486,0.3968468082819334,0.36037528559389814,0.0,0.0,0.16131662840603506,0.2263618108725224,0.0,0.528698709388711
pain_aggravating_factors,0.0,0.050913514336715496,0.0,0.09695346238669428,0.11935206679938934,0.07302966242855931,0.06528163465298899,0.154552240614704,0.07808180391928676,1.0,0.12926604675362113,0.20515432029449174,0.0,0.09039170110172476,0.08089623811216125,0.12195379550846377,0.0,0.043679532845634875,0.0,0.3603425528861751,0.0,0.3364523119029813,0.0,0.0,0.29800738651670133,0.0,
average_daily_pain_intensity,0.27102717093178746,0.2634237124047447,0.09488146082669364,0.18460394448319942,0.15199687367717285,0.23113709884138492,0.12808432776046208,0.22962701630189905,0.3382939464752425,0.12926604675362113,1.0,0.0,0.1129436602440812,0.39508029853293547,0.15383402238360366,0.14336665370997986,0.034558567252826175,0.1639991371306858,0.0,0.5073724693612196,0.14501548056881744,0.1743272680548363,0.0,0.06510409668362065,0.40890443773923413,0.04579764526588331,0.2694417229098991
airway_obstruction_present,0.08383836449369375,0.1303892180960235,0.0,0.013035214284369434,0.0,0.0,0.09051824251224232,0.0766341518236278,0.13736106420079033,0.20515432029449174,0.0,1.0,0.1859879794490768,0.095004251083764,0.12732048211915545,0.0,0.0893655087045461,0.0,0.13280312138502184,0.19372153379710896,0.061158736074066876,0.0,0.0,0.19082511662178164,0.0,0.24119810226185776,0.0
appliance_history,0.1100986312717809,0.13489643345459007,0.0,0.18144244668746465,0.169469726913936,0.16766533044072418,0.24968610559886098,0.27247554586264017,0.36435452723636685,0.0,0.1129436602440812,0.1859879794490768,1.0,0.28844738123289315,0.0,0.03798901000481699,0.0,0.041524999173423005,0.0,0.5549404297564244,0.5478380272528245,0.17654239466759794,0.0,0.1960061547040782,0.6122808586562158,0.0,0.0
muscle_symptoms_present,0.4859587620587623,0.5433592611381506,0.0,0.4583995254959275,0.48294320598298096,0.5052709601704427,0.21662275309348172,0.21658323694108406,0.2768365587520775,0.09039170110172476,0.39508029853293547,0.095004251083764,0.28844738123289315,1.0,0.0,0.07183446064508235,0.05483512448953341,0.25496674226753707,0.14276093633057613,0.804076795281192,0.28363716063446376,0.0,,0.0,0.0,0.08138933397557147,0.0
muscle_pain_score,0.15945034807911798,0.15815287807088488,0.08899385100192665,0.10618522616015737,0.09913687641485594,0.1547815284443681,0.12391165661175427,0.25314192245053857,0.3238348923964738,0.08089623811216125,0.15383402238360366,0.12732048211915545,0.0,0.0,1.0,0.22875342622960174,0.0,0.11090468864556807,0.0,0.22236141402812845,0.0,0.0,0.0,0.0,0.2192301799651373,0.0,0.46320410775423654
hearing_loss_present,0.1717931743059802,0.19676388054702107,0.0,0.23490367878121834,0.1803422555901853,0.1705572921247873,0.2504573352893987,0.20772643252229261,0.2947482427718718,0.12195379550846377,0.14336665370997986,0.0,0.03798901000481699,0.07183446064508235,0.22875342622960174,1.0,0.12007996055231113,0.10088608859808332,0.13176795659569648,0.04716798927967289,0.0,0.0,0.0,0.0,0.0,0.09047564389144898,0.5223506882793337
jaw_clicking,0.08737906673629299,0.05575439992304278,0.14869239954047656,0.0,0.0,0.07484564926847728,0.0,0.0,0.0,0.0,0.034558567252826175,0.0893655087045461,0.0,0.05483512448953341,0.0,0.12007996055231113,1.0,0.0,0.06433800901511573,0.07412973155201752,0.09538389161237482,0.3411464581514433,0.0,0.39886423487176204,0.10799512224434699,0.2752523669292326,
headache_frequency,0.14488801099517995,0.1255555618018426,0.0,0.1098256189148075,0.10723645760197313,0.14749696717373523,0.1316643980126671,0.18474683393068758,0.29911133542192186,0.043679532845634875,0.1639991371306858,0.0,0.041524999173423005,0.25496674226753707,0.11090468864556807,0.10088608859808332,0.0,1.0,0.09219789227988492,0.4295852370745191,0.2548814559764909,0.440332127067372,0.2321461836913426,0.06998507190957408,,0.21046170767018213,
sleep_disorder_type,0.02690543863330925,0.048810985268105817,0.07248028681955548,0.0,0.1045022104650228,0.047863637756516725,0.03199001762055763,0.17354301512614453,0.1617160083412486,0.0,0.0,0.13280312138502184,0.0,0.14276093633057613,0.0,0.13176795659569648,0.06433800901511573,0.09219789227988492,1.0,0.3249499002722309,0.10534724146494545,0.18318391068186038,0.0,0.07054047147141626,0.33700065941247725,0.39510043352944824,0.0
neck_pain_present,0.5590705440367664,0.6138645206880178,0.07541597780879955,0.47213761950756433,0.5430959774340499,0.6097034082492612,0.215854735606232,0.1887366018148201,0.3968468082819334,0.3603425528861751,0.5073724693612196,0.19372153379710896,0.5549404297564244,0.804076795281192,0.22236141402812845,0.04716798927967289,0.07412973155201752,0.4295852370745191,0.3249499002722309,1.0,0.5222835094031058,0.12568889118940085,0.10690199427066023,0.0,,0.0,
current_appliance,0.1351209112087286,0.06450668153065792,0.0,0.06629302525022145,0.051542716468829596,0.0945845891543631,0.1907701431628131,0.2568243232494038,0.36037528559389814,0.0,0.14501548056881744,0.061158736074066876,0.5478380272528245,0.28363716063446376,0.0,0.0,0.09538389161237482,0.2548814559764909,0.10534724146494545,0.5222835094031058,1.0,,0.15271206213538377,0.0,,0.041899313179837874,
onset_triggers,0.0,0.0,0.24610522196604867,0.0,0.0,0.0,0.0,0.0,0.0,0.3364523119029813,0.1743272680548363,0.0,0.17654239466759794,0.0,0.0,0.0,0.3411464581514433,0.440332127067372,0.18318391068186038,0.12568889118940085,,1.0,0.0,,,,
physical_therapy_status,0.0,0.0,0.30855173585492224,0.0,0.0,0.0,0.0,0.0,0.0,0.0,0.0,0.0,0.0,,0.0,0.0,0.0,0.2321461836913426,0.0,0.10690199427066023,0.15271206213538377,0.0,1.0,0.3485181409909895,,0.0,
jaw_crepitus,0.10963377304651958,0.09065092757984462,0.10978522657020336,0.08921878279873924,0.09600400622348136,0.0,0.06587043423501503,0.12946547822193855,0.16131662840603506,0.0,0.06510409668362065,0.19082511662178164,0.1960061547040782,0.0,0.0,0.0,0.39886423487176204,0.06998507190957408,0.07054047147141626,0.0,0.0,,0.3485181409909895,1.0,,0.3429613591769273,
pain_relieving_factors,0.0,0.21720244468492897,0.0,0.22221470063396465,0.0,0.0,0.0,0.0,0.2263618108725224,0.29800738651670133,0.40890443773923413,0.0,0.6122808586562158,0.0,0.2192301799651373,0.0,0.10799512224434699,,0.33700065941247725,,,,,,1.0,,
sleep_apnea_diagnosed,0.06808216271172472,0.07638389963113132,0.15425510709630894,0.0,0.0,0.0,0.0,0.0,0.0,0.0,0.04579764526588331,0.24119810226185776,0.0,0.08138933397557147,0.0,0.09047564389144898,0.2752523669292326,0.21046170767018213,0.39510043352944824,0.0,0.041899313179837874,,0.0,0.3429613591769273,,1.0,0.0
autoimmune_condition,0.0,0.2082876742494812,0.05822225097395838,0.0,0.2540732010452141,0.21363994767737088,0.22643885246603077,0.07807875748756624,0.528698709388711,,0.2694417229098991,0.0,0.0,0.0,0.46320410775423654,0.5223506882793337,,,0.0,,,,,,,0.0,1.0
