feature_1,feature_2,cramers_v,n_complete_cases,p_value,note
airway_obstruction_present,appliance_history,0.1859879794490768,662,0.0011284007000793353,
airway_obstruction_present,autoimmune_condition,0.0,52,0.853534958471066,
airway_obstruction_present,average_daily_pain_intensity,0.0,562,0.7718183100481699,
airway_obstruction_present,current_appliance,0.061158736074066876,167,0.3774222380820064,
airway_obstruction_present,diet_score,0.0,691,0.8060729899337118,
airway_obstruction_present,disability_rating,0.0,690,0.7047478152004738,
airway_obstruction_present,earache_present,0.13736106420079033,726,0.00023572268319537156,
airway_obstruction_present,headache_frequency,0.0,351,0.8441438696219703,
airway_obstruction_present,headache_intensity,0.08383836449369382,729,0.15246550190873207,
airway_obstruction_present,hearing_loss_present,0.0,436,0.47908321801772824,
airway_obstruction_present,jaw_clicking,0.060136957196653594,392,0.29605077485643067,
airway_obstruction_present,jaw_crepitus,0.17482841220463952,162,0.07661177565057047,
airway_obstruction_present,jaw_function_score,0.013035214284369634,695,0.42896119039466146,
airway_obstruction_present,joint_arthritis_location,0.0,607,0.6063779002204237,
airway_obstruction_present,muscle_pain_score,0.12208090667282039,526,0.05766189063001555,
airway_obstruction_present,muscle_symptoms_present,0.095004251083764,683,0.013597503879075101,
airway_obstruction_present,neck_pain_present,0.19372153379710896,283,0.001626930608477864,
airway_obstruction_present,onset_triggers,0.0,79,0.7671574490490469,
airway_obstruction_present,pain_aggravating_factors,0.20515432029449174,281,0.04779762460802652,
airway_obstruction_present,pain_relieving_factors,0.0,49,0.7754357168158812,
airway_obstruction_present,physical_therapy_status,0.05520573406725158,154,0.4090354809526019,
airway_obstruction_present,sleep_apnea_diagnosed,0.24119810226185776,329,6.144291486357576e-05,
airway_obstruction_present,sleep_disorder_type,0.10860266744004601,494,0.12066642177062453,
airway_obstruction_present,tinnitus_present,0.09051824251224232,715,0.013807304318188331,
airway_obstruction_present,tmj_pain_rating,0.1303892180960235,756,0.017788806867040183,
airway_obstruction_present,vertigo_present,0.0766341518236278,723,0.032906389862775845,
appliance_history,autoimmune_condition,0.0,50,0.73298948196504,
appliance_history,average_daily_pain_intensity,0.1129436602440812,621,3.973182982070949e-06,
appliance_history,current_appliance,0.5478380272528245,173,2.729746414076876e-47,
appliance_history,diet_score,0.16946972691393597,733,7.729708759568949e-18,
appliance_history,disability_rating,0.16766533044072418,734,7.712306434789282e-19,
appliance_history,earache_present,0.3643545272363669,754,3.236651322349471e-17,
appliance_history,headache_frequency,0.041524999173423005,389,0.3459528352187601,
appliance_history,headache_intensity,0.1100986312717809,748,6.372259483031414e-07,
appliance_history,hearing_loss_present,0.03798901000481699,471,0.38139895398053514,
appliance_history,jaw_clicking,0.0,416,0.9989153007079007,
appliance_history,jaw_crepitus,0.161002980525682,178,0.01600447616095157,
appliance_history,jaw_function_score,0.18144244668746465,736,9.152529747206102e-22,
appliance_history,joint_arthritis_location,0.0,646,0.9999708757420989,
appliance_history,muscle_pain_score,0.0,569,0.9264863167236228,
appliance_history,muscle_symptoms_present,0.28844738123289315,701,1.7668479611516062e-09,
appliance_history,neck_pain_present,0.5549404297564243,272,2.3217996581045328e-16,
appliance_history,onset_triggers,0.17654239466759794,92,0.09002312871997104,
appliance_history,pain_aggravating_factors,0.0,284,0.9999996405003779,
appliance_history,pain_relieving_factors,0.6122808586562156,55,1.2732901783205268e-09,
appliance_history,physical_therapy_status,0.0,210,0.9986059616301254,
appliance_history,sleep_apnea_diagnosed,0.0,284,0.5452763108462777,
appliance_history,sleep_disorder_type,0.0,430,0.9756621836748667,
appliance_history,tinnitus_present,0.249686105598861,741,1.5954216065603447e-07,
appliance_history,tmj_pain_rating,0.13489643345459007,774,1.3579614250967866e-12,
appliance_history,vertigo_present,0.2724755458626401,746,3.8997210138211935e-09,
autoimmune_condition,average_daily_pain_intensity,0.2694417229098991,46,0.03467097478687978,
autoimmune_condition,current_appliance,,11,,below min-pair-n (30)
autoimmune_condition,diet_score,0.25407320104521397,58,0.01612901322618644,
autoimmune_condition,disability_rating,0.21363994767737074,59,0.05839227792383916,
autoimmune_condition,earache_present,0.528698709388711,54,0.004334283892864123,
autoimmune_condition,headache_frequency,,27,,below min-pair-n (30)
autoimmune_condition,headache_intensity,0.0,57,0.6799393803191645,
autoimmune_condition,hearing_loss_present,0.5223506882793337,32,0.02825356047121328,
autoimmune_condition,jaw_clicking,,14,,below min-pair-n (30)
autoimmune_condition,jaw_crepitus,,14,,below min-pair-n (30)
autoimmune_condition,jaw_function_score,0.0,59,0.4637422711392854,
autoimmune_condition,joint_arthritis_location,0.05822225097395838,61,0.41146088622831095,
autoimmune_condition,muscle_pain_score,0.46320410775423654,41,0.00021283542481070905,
autoimmune_condition,muscle_symptoms_present,0.0,55,0.8905230713279554,
autoimmune_condition,neck_pain_present,,19,,below min-pair-n (30)
autoimmune_condition,onset_triggers,,2,,below min-pair-n (30)
autoimmune_condition,pain_aggravating_factors,,23,,below min-pair-n (30)
autoimmune_condition,pain_relieving_factors,,7,,below min-pair-n (30)
autoimmune_condition,physical_therapy_status,,17,,below min-pair-n (30)
autoimmune_condition,sleep_apnea_diagnosed,0.0,30,0.6364242406624934,
autoimmune_condition,sleep_disorder_type,0.0,38,0.5167025407733087,
autoimmune_condition,tinnitus_present,0.22643885246603077,54,0.22901701224339732,
autoimmune_condition,tmj_pain_rating,0.2082876742494812,60,0.06338069720579714,
autoimmune_condition,vertigo_present,0.07807875748756642,53,0.39701021579519435,
average_daily_pain_intensity,current_appliance,0.14501548056881744,144,0.04620567465061807,
average_daily_pain_intensity,diet_score,0.15199687367717285,766,1.7544571144799821e-15,
average_daily_pain_intensity,disability_rating,0.23113709884138492,767,1.1805184141973192e-53,
average_daily_pain_intensity,earache_present,0.3382939464752425,707,1.4055541996600909e-14,
average_daily_pain_intensity,headache_frequency,0.1639991371306858,439,1.5789163062976513e-07,
average_daily_pain_intensity,headache_intensity,0.2710271709317874,745,3.42919973791363e-92,
average_daily_pain_intensity,hearing_loss_present,0.14336665370997986,428,0.05331586357185301,
average_daily_pain_intensity,jaw_clicking,0.1398741151247536,403,0.0001713428716187079,
average_daily_pain_intensity,jaw_crepitus,0.09683471620415922,185,0.19615794733795072,
average_daily_pain_intensity,jaw_function_score,0.1846039444831994,769,1.0646603135258572e-26,
average_daily_pain_intensity,joint_arthritis_location,0.1416111492808648,637,0.00025794917424995175,
average_daily_pain_intensity,muscle_pain_score,0.14212505102582193,584,1.591059366466345e-09,
average_daily_pain_intensity,muscle_symptoms_present,0.39508029853293547,668,1.459949251550845e-18,
average_daily_pain_intensity,neck_pain_present,0.5073724693612196,211,1.0271411954540168e-09,
average_daily_pain_intensity,onset_triggers,0.1743272680548363,92,0.1662544585677172,
average_daily_pain_intensity,pain_aggravating_factors,0.1292660467536212,287,0.01166888711675802,
average_daily_pain_intensity,pain_relieving_factors,0.40890443773923413,57,2.1741287590322183e-05,
average_daily_pain_intensity,physical_therapy_status,0.0,193,0.9539997319410436,
average_daily_pain_intensity,sleep_apnea_diagnosed,0.04579764526588331,258,0.39985667594076124,
average_daily_pain_intensity,sleep_disorder_type,0.0,406,0.7642675581422772,
average_daily_pain_intensity,tinnitus_present,0.12808432776046208,699,0.02707438620456347,
average_daily_pain_intensity,tmj_pain_rating,0.2634237124047447,767,6.055643515559133e-89,
average_daily_pain_intensity,vertigo_present,0.22962701630189902,701,3.0668736955856964e-06,
current_appliance,diet_score,0.051542716468829596,175,0.352562187654493,
current_appliance,disability_rating,0.09458458915436317,174,0.15163042746770541,
current_appliance,earache_present,0.36037528559389814,170,0.0002118386485031038,
current_appliance,headache_frequency,0.2548814559764911,85,0.0037699912394328476,
current_appliance,headache_intensity,0.1351209112087286,176,0.030431288932130512,
current_appliance,hearing_loss_present,0.0,99,0.5901889979472887,
current_appliance,jaw_clicking,0.0,94,0.5447035758185095,
current_appliance,jaw_crepitus,0.0,38,0.6401786787300756,
current_appliance,jaw_function_score,0.06629302525022145,175,0.277897565434828,
current_appliance,joint_arthritis_location,0.0,154,0.9196348847308797,
current_appliance,muscle_pain_score,0.0,129,0.7462316003622455,
current_appliance,muscle_symptoms_present,0.2836371606344637,153,0.00932532455332593,
current_appliance,neck_pain_present,0.5222835094031058,70,0.00022790485130184406,
current_appliance,onset_triggers,,28,,below min-pair-n (30)
current_appliance,pain_aggravating_factors,0.0,105,0.9999542420260923,
current_appliance,pain_relieving_factors,,19,,below min-pair-n (30)
current_appliance,physical_therapy_status,0.22785522625468735,47,0.10781850669137621,
current_appliance,sleep_apnea_diagnosed,0.041899313179837874,59,0.3933702618350424,
current_appliance,sleep_disorder_type,0.12088623425172255,94,0.1813242211220903,
current_appliance,tinnitus_present,0.1907701431628131,165,0.09030207999437352,
current_appliance,tmj_pain_rating,0.06450668153065792,182,0.30281635971139226,
current_appliance,vertigo_present,0.2568243232494038,170,0.013856001054885794,
diet_score,disability_rating,0.27236688768644635,918,3.556659411518464e-102,
diet_score,earache_present,0.3511967034637049,846,7.45322701690247e-20,
diet_score,headache_frequency,0.10723645760197313,463,0.009099493078036099,
diet_score,headache_intensity,0.1430925620971608,891,8.351504110630263e-17,
diet_score,hearing_loss_present,0.1803422555901853,525,0.0025468590351573972,
diet_score,jaw_clicking,0.0,470,0.7696317505598791,
diet_score,jaw_crepitus,0.03188457399862786,197,0.4251671194843706,
diet_score,jaw_function_score,0.3301049248429139,922,7.574400516563395e-167,
diet_score,joint_arthritis_location,0.07249689338500978,717,0.08204486575546198,
diet_score,muscle_pain_score,0.10612248987542335,637,2.4580284380169988e-05,
diet_score,muscle_symptoms_present,0.48294320598298096,779,9.671434189874615e-36,
diet_score,neck_pain_present,0.5430959774340499,288,6.274582536944816e-16,
diet_score,onset_triggers,0.0,99,0.5625377041671268,
diet_score,pain_aggravating_factors,0.11935206679938934,323,0.01985356618146501,
diet_score,pain_relieving_factors,0.0,60,0.7255929399763855,
diet_score,physical_therapy_status,0.0,199,0.9474328703102827,
diet_score,sleep_apnea_diagnosed,0.0,304,0.8887362466565305,
diet_score,sleep_disorder_type,0.09371140902439967,470,0.007820567281501118,
diet_score,tinnitus_present,0.13742153718585962,835,0.0040741251599302935,
diet_score,tmj_pain_rating,0.1934247562877056,918,5.5818105841674986e-40,
diet_score,vertigo_present,0.2100543147699601,839,9.495062575423094e-07,
disability_rating,earache_present,0.38901733076516554,845,6.757642663623592e-24,
disability_rating,headache_frequency,0.14749696717373523,464,5.747603304661498e-06,
disability_rating,headache_intensity,0.17573777270972507,889,7.484335104858602e-35,
disability_rating,hearing_loss_present,0.1705572921247873,522,0.0061078872740856285,
disability_rating,jaw_clicking,0.07825375218794556,473,0.06029971422172193,
disability_rating,jaw_crepitus,0.0,196,0.7359091688320677,
disability_rating,jaw_function_score,0.25869883929559206,921,4.232013365002454e-88,
disability_rating,joint_arthritis_location,0.11709371410231108,717,0.0014752397540400153,
disability_rating,muscle_pain_score,0.15174153581731611,638,1.2608782756150472e-14,
disability_rating,muscle_symptoms_present,0.5052709601704427,779,7.413853353049052e-39,
disability_rating,neck_pain_present,0.6097034082492612,286,7.323345015837567e-20,
disability_rating,onset_triggers,0.0,98,0.681515848516478,
disability_rating,pain_aggravating_factors,0.07302966242855931,322,0.1965521452198377,
disability_rating,pain_relieving_factors,0.0,59,0.7255481606149768,
disability_rating,physical_therapy_status,0.0,198,0.5951619129014677,
disability_rating,sleep_apnea_diagnosed,0.0,304,0.9471462267839285,
disability_rating,sleep_disorder_type,0.06235688970607287,469,0.10480139392550034,
disability_rating,tinnitus_present,0.24150283770462275,834,1.7559436367739114e-08,
disability_rating,tmj_pain_rating,0.23122260050168494,917,3.593582002376312e-76,
disability_rating,vertigo_present,0.30058241268792213,838,1.413286150883372e-13,
earache_present,headache_frequency,0.29911133542192186,443,1.0386529980630635e-05,
earache_present,headache_intensity,0.44803972961957944,880,7.778233719457016e-34,
earache_present,hearing_loss_present,0.2947482427718718,576,1.99514204602342e-12,
earache_present,jaw_clicking,0.0,463,0.7003268679632542,
earache_present,jaw_crepitus,0.14452878750242346,196,0.10518746062844603,
earache_present,jaw_function_score,0.32434480697677903,849,7.802797293403397e-17,
earache_present,joint_arthritis_location,0.0,716,0.7897326432499983,
earache_present,muscle_pain_score,0.32418465389010015,640,3.324763678892858e-12,
earache_present,muscle_symptoms_present,0.2768365587520775,800,6.980766446472994e-15,
earache_present,neck_pain_present,0.3968468082819334,288,2.4739492079383138e-11,
earache_present,onset_triggers,0.0,99,0.5349259977325758,
earache_present,pain_aggravating_factors,0.07808180391928676,316,0.3413819413655941,
earache_present,pain_relieving_factors,0.2263618108725224,57,0.2555644084723278,
earache_present,physical_therapy_status,0.0,200,0.5813725103141802,
earache_present,sleep_apnea_diagnosed,0.0,307,1.0,
earache_present,sleep_disorder_type,0.1747504126194152,469,0.009677154395987988,
earache_present,tinnitus_present,0.39918119889613185,931,5.902323057677936e-34,
earache_present,tmj_pain_rating,0.4838327727993254,906,1.0293367740919031e-40,
earache_present,vertigo_present,0.38105459404100717,936,2.9768410883389037e-31,
headache_frequency,headache_intensity,0.14488801099517995,457,2.8712011765884556e-06,
headache_frequency,hearing_loss_present,0.10088608859808325,275,0.2766702216009677,
headache_frequency,jaw_clicking,0.0,253,0.8779753015530697,
headache_frequency,jaw_crepitus,0.12775637605639278,107,0.22261305911529705,
headache_frequency,jaw_function_score,0.10982561891480755,466,0.006545416261399417,
headache_frequency,joint_arthritis_location,0.0,385,0.9999896716412142,
headache_frequency,muscle_pain_score,0.14301335900055656,361,0.0012989875996487223,
headache_frequency,muscle_symptoms_present,0.25496674226753707,411,0.000754305773313185,
headache_frequency,neck_pain_present,0.4295852370745191,131,0.0008973185188556284,
headache_frequency,onset_triggers,0.440332127067372,58,0.004278302751083567,
headache_frequency,pain_aggravating_factors,0.04367953284563537,173,0.3831984731384804,
headache_frequency,pain_relieving_factors,,28,,below min-pair-n (30)
headache_frequency,physical_therapy_status,0.2218451269148474,122,0.0005520789579367128,
headache_frequency,sleep_apnea_diagnosed,0.21046170767018213,143,0.13067536224148776,
headache_frequency,sleep_disorder_type,0.17692369043827005,232,0.0009058164251631464,
headache_frequency,tinnitus_present,0.1316643980126671,437,0.12377598521272809,
headache_frequency,tmj_pain_rating,0.12555556180184266,470,0.00015707940958035007,
headache_frequency,vertigo_present,0.18474683393068758,437,0.022267957082296983,
headache_intensity,hearing_loss_present,0.1717931743059802,533,0.005061647687039623,
headache_intensity,jaw_clicking,0.039328105762395205,468,0.3291557863056381,
headache_intensity,jaw_crepitus,0.019928614832624463,197,0.44970494866942806,
headache_intensity,jaw_function_score,0.16464562648122621,894,7.331067865104732e-25,
headache_intensity,joint_arthritis_location,0.0,719,0.47828529184824764,
headache_intensity,muscle_pain_score,0.1487373197071904,630,5.14867110171149e-13,
headache_intensity,muscle_symptoms_present,0.4859587620587623,799,2.6120543796589582e-36,
headache_intensity,neck_pain_present,0.5590705440367664,307,1.718257788946122e-17,
headache_intensity,onset_triggers,0.0,97,0.9805728791219726,
headache_intensity,pain_aggravating_factors,0.0,322,0.9000181376758543,
headache_intensity,pain_relieving_factors,0.0,58,0.9457814750660888,
headache_intensity,physical_therapy_status,0.0,195,0.5103996110812031,
headache_intensity,sleep_apnea_diagnosed,0.06808216271172472,315,0.3208343683583634,
headache_intensity,sleep_disorder_type,0.04007807843335911,479,0.28235814775556634,
headache_intensity,tinnitus_present,0.32907678241958327,866,4.2521711662181856e-17,
headache_intensity,tmj_pain_rating,0.24362589209337243,957,1.1880447797613335e-99,
headache_intensity,vertigo_present,0.4350281407777506,874,3.8976077148470174e-31,
hearing_loss_present,jaw_clicking,0.11712786859352546,288,0.14029938583176263,
hearing_loss_present,jaw_crepitus,0.0,119,0.8356606874174562,
hearing_loss_present,jaw_function_score,0.23490367878121832,526,2.5508532671685203e-05,
hearing_loss_present,joint_arthritis_location,0.0,445,0.8660581825727609,
hearing_loss_present,muscle_pain_score,0.22407044451668384,387,0.0008165237950359705,
hearing_loss_present,muscle_symptoms_present,0.07183446064508235,500,0.08205199589198629,
hearing_loss_present,neck_pain_present,0.04716798927967289,189,0.3184120906165222,
hearing_loss_present,onset_triggers,0.0,58,0.8108047765093244,
hearing_loss_present,pain_aggravating_factors,0.12195379550846377,196,0.2576783795415831,
hearing_loss_present,pain_relieving_factors,0.0,44,0.7895469750618987,
hearing_loss_present,physical_therapy_status,0.07476888721927563,136,0.38442350901137795,
hearing_loss_present,sleep_apnea_diagnosed,0.09047564389144898,183,0.1783786288906796,
hearing_loss_present,sleep_disorder_type,0.11607067172700752,286,0.17878522141144632,
hearing_loss_present,tinnitus_present,0.2504573352893987,578,2.0238203654740634e-09,
hearing_loss_present,tmj_pain_rating,0.19676388054702104,550,0.0010916075253589426,
hearing_loss_present,vertigo_present,0.20772643252229261,579,6.120311063400909e-07,
jaw_clicking,jaw_crepitus,0.3981074389747726,103,4.543452841005468e-09,
jaw_clicking,jaw_function_score,0.0,475,0.7561992644209494,
jaw_clicking,joint_arthritis_location,0.09976575667438216,425,0.039487637681190686,
jaw_clicking,muscle_pain_score,0.0,363,0.9526149949668561,
jaw_clicking,muscle_symptoms_present,0.05165986279978642,442,0.3159020787278271,
jaw_clicking,neck_pain_present,0.07469066202585223,175,0.3316345460197623,
jaw_clicking,onset_triggers,0.3411464581514433,59,0.006163599731679196,
jaw_clicking,pain_aggravating_factors,0.0,203,0.9552096463513584,
jaw_clicking,pain_relieving_factors,0.37206609590703404,37,0.01121901841955636,
jaw_clicking,physical_therapy_status,0.0,104,0.7218530113112721,
jaw_clicking,sleep_apnea_diagnosed,0.2515075738268488,145,0.023719675388987636,
jaw_clicking,sleep_disorder_type,0.2678787966125339,256,1.0852081517947979e-12,
jaw_clicking,tinnitus_present,0.0,456,0.9008783669008004,
jaw_clicking,tmj_pain_rating,0.026386331249968597,483,0.4076486449167368,
jaw_clicking,vertigo_present,0.018194308262553804,458,0.4117424151165969,
jaw_crepitus,jaw_function_score,0.0702143911261839,197,0.2914177287285958,
jaw_crepitus,joint_arthritis_location,0.11440398424265191,204,0.08487427589027023,
jaw_crepitus,muscle_pain_score,0.06059627808619582,164,0.328849641222202,
jaw_crepitus,muscle_symptoms_present,0.0,189,0.9744582180651962,
jaw_crepitus,neck_pain_present,0.0455978277916122,66,0.3905549679124101,
jaw_crepitus,onset_triggers,,26,,below min-pair-n (30)
jaw_crepitus,pain_aggravating_factors,0.0,83,0.9456922948315056,
jaw_crepitus,pain_relieving_factors,,16,,below min-pair-n (30)
jaw_crepitus,physical_therapy_status,0.3440434234440234,75,0.00022688185606136005,
jaw_crepitus,sleep_apnea_diagnosed,0.32302658609520096,69,0.03256289719252896,
jaw_crepitus,sleep_disorder_type,0.0,115,0.6401921828524569,
jaw_crepitus,tinnitus_present,0.09453652770599856,191,0.24196279411488059,
jaw_crepitus,tmj_pain_rating,0.0757462815876482,203,0.284664945334709,
jaw_crepitus,vertigo_present,0.11006781677980397,191,0.19736093859279394,
jaw_function_score,joint_arthritis_location,0.0,720,0.6387310701319404,
jaw_function_score,muscle_pain_score,0.11068849001274897,640,6.03916718702497e-06,
jaw_function_score,muscle_symptoms_present,0.4583995254959275,783,3.508720345629079e-32,
jaw_function_score,neck_pain_present,0.47213761950756433,289,3.5307368238831646e-12,
jaw_function_score,onset_triggers,0.0,99,0.664922496098675,
jaw_function_score,pain_aggravating_factors,0.09695346238669428,324,0.0893558053836794,
jaw_function_score,pain_relieving_factors,0.22221470063396465,60,0.0688084018936535,
jaw_function_score,physical_therapy_status,0.0,199,0.6122181955664519,
jaw_function_score,sleep_apnea_diagnosed,0.0,306,0.5818934900819672,
jaw_function_score,sleep_disorder_type,0.025043790174692233,472,0.40335204985429035,
jaw_function_score,tinnitus_present,0.12562441439767139,839,0.00990544267802821,
jaw_function_score,tmj_pain_rating,0.21668876473107207,922,1.9947294625860745e-54,
jaw_function_score,vertigo_present,0.20331092258417044,843,2.3472209232837843e-06,
joint_arthritis_location,muscle_pain_score,0.06917711276799113,572,0.15397759799913371,
joint_arthritis_location,muscle_symptoms_present,0.0,686,0.7566412607917976,
joint_arthritis_location,neck_pain_present,0.0865681402362995,245,0.1838318326602484,
joint_arthritis_location,onset_triggers,0.23218745171637112,96,0.012738948223940122,
joint_arthritis_location,pain_aggravating_factors,0.0,331,0.9691570184263407,
joint_arthritis_location,pain_relieving_factors,0.0,57,0.6286021894268086,
joint_arthritis_location,physical_therapy_status,0.23154420906671733,199,0.0022120172009174217,
joint_arthritis_location,sleep_apnea_diagnosed,0.14927622409232924,248,0.0364677209911682,
joint_arthritis_location,sleep_disorder_type,0.0,426,0.5353503587774668,
joint_arthritis_location,tinnitus_present,0.06958446390059907,705,0.09315659123732165,
joint_arthritis_location,tmj_pain_rating,0.06777063890299449,739,0.12699244770343274,
joint_arthritis_location,vertigo_present,0.0,709,0.4355132720753526,
muscle_pain_score,muscle_symptoms_present,0.0,705,0.840276324463617,
muscle_pain_score,neck_pain_present,0.20959881333651664,174,0.04773380346517962,
muscle_pain_score,onset_triggers,0.0,90,0.798505801463616,
muscle_pain_score,pain_aggravating_factors,0.0,239,0.6558625992062245,
muscle_pain_score,pain_relieving_factors,0.2192301799651373,43,0.12420341506313148,
muscle_pain_score,physical_therapy_status,0.0,191,0.9943534330522943,
muscle_pain_score,sleep_apnea_diagnosed,0.0,228,0.8356871345598383,
muscle_pain_score,sleep_disorder_type,0.0,370,0.5203458030647194,
muscle_pain_score,tinnitus_present,0.12208699053550187,626,0.04097327128437201,
muscle_pain_score,tmj_pain_rating,0.15662167523437465,654,3.5416891270996447e-15,
muscle_pain_score,vertigo_present,0.2524849536892856,633,3.639715055654885e-07,
muscle_symptoms_present,neck_pain_present,0.804076795281192,283,5.092213073372616e-41,
muscle_symptoms_present,onset_triggers,0.0,99,0.7903599094664571,
muscle_symptoms_present,pain_aggravating_factors,0.09039170110172476,281,0.32494615325631937,
muscle_symptoms_present,pain_relieving_factors,0.0,55,0.9999909752983293,
muscle_symptoms_present,physical_therapy_status,,203,,
muscle_symptoms_present,sleep_apnea_diagnosed,0.08138933397557147,293,0.142623415499985,
muscle_symptoms_present,sleep_disorder_type,0.1551187223843094,453,0.02515770929934774,
muscle_symptoms_present,tinnitus_present,0.21662275309348172,783,1.592593620994707e-09,
muscle_symptoms_present,tmj_pain_rating,0.5433592611381506,826,2.7381162232404035e-47,
muscle_symptoms_present,vertigo_present,0.21658323694108408,789,1.3830967816328906e-09,
neck_pain_present,onset_triggers,0.12568889118940085,42,0.4991305695144186,
neck_pain_present,pain_aggravating_factors,0.36034255288617517,124,0.0054073405808284835,
neck_pain_present,pain_relieving_factors,,14,,below min-pair-n (30)
neck_pain_present,physical_therapy_status,0.0,78,0.4407834242611445,
neck_pain_present,sleep_apnea_diagnosed,0.0,84,0.5475947056939916,
neck_pain_present,sleep_disorder_type,0.33816923233698826,160,0.0016490387370902608,
neck_pain_present,tinnitus_present,0.215854735606232,283,0.0002743051239187822,
neck_pain_present,tmj_pain_rating,0.6138645206880178,316,4.387495780523402e-22,
neck_pain_present,vertigo_present,0.1887366018148201,285,0.0013215500091148394,
onset_triggers,pain_aggravating_factors,0.3364523119029813,68,0.028783647236973867,
onset_triggers,pain_relieving_factors,,11,,below min-pair-n (30)
onset_triggers,physical_therapy_status,0.0,56,0.5497798173735995,
onset_triggers,sleep_apnea_diagnosed,,24,,below min-pair-n (30)
onset_triggers,sleep_disorder_type,0.16348384511525016,51,0.29251032544089184,
onset_triggers,tinnitus_present,0.0,95,0.8322034506466479,
onset_triggers,tmj_pain_rating,0.0,97,0.939598121124889,
onset_triggers,vertigo_present,0.0,97,0.5765060556050435,
pain_aggravating_factors,pain_relieving_factors,0.29800738651670133,35,0.07093128736400423,
pain_aggravating_factors,physical_therapy_status,0.0,79,0.9988781830829468,
pain_aggravating_factors,sleep_apnea_diagnosed,0.0,71,0.4912945873561,
pain_aggravating_factors,sleep_disorder_type,0.0,189,0.9874218464437521,
pain_aggravating_factors,tinnitus_present,0.06528163465298899,310,0.3690749662779679,
pain_aggravating_factors,tmj_pain_rating,0.050913514336715496,327,0.30833051505634995,
pain_aggravating_factors,vertigo_present,0.15455224061470405,308,0.11450215834094847,
pain_relieving_factors,physical_therapy_status,,24,,below min-pair-n (30)
pain_relieving_factors,sleep_apnea_diagnosed,,15,,below min-pair-n (30)
pain_relieving_factors,sleep_disorder_type,0.27280353499814297,30,0.1101258178900147,
pain_relieving_factors,tinnitus_present,0.0,57,0.44517559342266866,
pain_relieving_factors,tmj_pain_rating,0.21720244468492866,61,0.059181531455965025,
pain_relieving_factors,vertigo_present,0.0,57,0.5114098840782904,
physical_therapy_status,sleep_apnea_diagnosed,0.21900067391674732,65,0.21136125243149345,
physical_therapy_status,sleep_disorder_type,0.0,119,0.9038585017664528,
physical_therapy_status,tinnitus_present,0.0,200,0.732921767567996,
physical_therapy_status,tmj_pain_rating,0.0,198,0.9703706545245566,
physical_therapy_status,vertigo_present,0.0,201,0.7531690267816882,
sleep_apnea_diagnosed,sleep_disorder_type,0.3857337557856452,312,4.57605645557526e-08,
sleep_apnea_diagnosed,tinnitus_present,0.0,303,0.46134088091706993,
sleep_apnea_diagnosed,tmj_pain_rating,0.07638389963113126,326,0.29792251171663625,
sleep_apnea_diagnosed,vertigo_present,0.0,307,1.0,
sleep_disorder_type,tinnitus_present,0.0398390573637314,462,0.386895118854318,
sleep_disorder_type,tmj_pain_rating,0.08037075100544668,493,0.018538804563970376,
sleep_disorder_type,vertigo_present,0.18905795075701007,468,0.004338555274557406,
tinnitus_present,tmj_pain_rating,0.2786736915380712,893,4.0899889174622825e-12,
tinnitus_present,vertigo_present,0.44869223825937465,935,1.2858608040482378e-42,
tmj_pain_rating,vertigo_present,0.3530961449935806,899,2.0851333648602637e-20,
