,airway_obstruction_present,appliance_history,autoimmune_condition,average_daily_pain_intensity,current_appliance,diet_score,disability_rating,earache_present,headache_frequency,headache_intensity,hearing_loss_present,jaw_clicking,jaw_crepitus,jaw_function_score,joint_arthritis_location,muscle_pain_score,muscle_symptoms_present,neck_pain_present,onset_triggers,pain_aggravating_factors,pain_relieving_factors,physical_therapy_status,sleep_apnea_diagnosed,sleep_disorder_type,tinnitus_present,tmj_pain_rating,vertigo_present
airway_obstruction_present,1.0,0.1859879794490768,0.0,0.0,0.061158736074066876,0.0,0.0,0.13736106420079033,0.0,0.08383836449369382,0.0,0.060136957196653594,0.17482841220463952,0.013035214284369634,0.0,0.12208090667282039,0.095004251083764,0.19372153379710896,0.0,0.20515432029449174,0.0,0.05520573406725158,0.24119810226185776,0.10860266744004601,0.09051824251224232,0.1303892180960235,0.0766341518236278
appliance_history,0.1859879794490768,1.0,0.0,0.1129436602440812,0.5478380272528245,0.16946972691393597,0.16766533044072418,0.3643545272363669,0.041524999173423005,0.1100986312717809,0.03798901000481699,0.0,0.161002980525682,0.18144244668746465,0.0,0.0,0.28844738123289315,0.5549404297564243,0.17654239466759794,0.0,0.6122808586562156,0.0,0.0,0.0,0.249686105598861,0.13489643345459007,0.2724755458626401
autoimmune_condition,0.0,0.0,1.0,0.2694417229098991,,0.25407320104521397,0.21363994767737074,0.528698709388711,,0.0,0.5223506882793337,,,0.0,0.05822225097395838,0.46320410775423654,0.0,,,,,,0.0,0.0,0.22643885246603077,0.2082876742494812,0.07807875748756642
average_daily_pain_intensity,0.0,0.1129436602440812,0.2694417229098991,1.0,0.14501548056881744,0.15199687367717285,0.23113709884138492,0.3382939464752425,0.1639991371306858,0.2710271709317874,0.14336665370997986,0.1398741151247536,0.09683471620415922,0.1846039444831994,0.1416111492808648,0.14212505102582193,0.39508029853293547,0.5073724693612196,0.1743272680548363,0.1292660467536212,0.40890443773923413,0.0,0.04579764526588331,0.0,0.12808432776046208,0.2634237124047447,0.22962701630189902
current_appliance,0.061158736074066876,0.5478380272528245,,0.14501548056881744,1.0,0.051542716468829596,0.09458458915436317,0.36037528559389814,0.2548814559764911,0.1351209112087286,0.0,0.0,0.0,0.06629302525022145,0.0,0.0,0.2836371606344637,0.5222835094031058,,0.0,,0.22785522625468735,0.041899313179837874,0.12088623425172255,0.1907701431628131,0.06450668153065792,0.2568243232494038
diet_score,0.0,0.16946972691393597,0.25407320104521397,0.15199687367717285,0.051542716468829596,1.0,0.27236688768644635,0.3511967034637049,0.10723645760197313,0.1430925620971608,0.1803422555901853,0.0,0.03188457399862786,0.3301049248429139,0.07249689338500978,0.10612248987542335,0.48294320598298096,0.5430959774340499,0.0,0.11935206679938934,0.0,0.0,0.0,0.09371140902439967,0.13742153718585962,0.1934247562877056,0.2100543147699601
disability_rating,0.0,0.16766533044072418,0.21363994767737074,0.23113709884138492,0.09458458915436317,0.27236688768644635,1.0,0.38901733076516554,0.14749696717373523,0.17573777270972507,0.1705572921247873,0.07825375218794556,0.0,0.25869883929559206,0.11709371410231108,0.15174153581731611,0.5052709601704427,0.6097034082492612,0.0,0.07302966242855931,0.0,0.0,0.0,0.06235688970607287,0.24150283770462275,0.23122260050168494,0.30058241268792213
earache_present,0.13736106420079033,0.3643545272363669,0.528698709388711,0.3382939464752425,0.36037528559389814,0.3511967034637049,0.38901733076516554,1.0,0.29911133542192186,0.44803972961957944,0.2947482427718718,0.0,0.14452878750242346,0.32434480697677903,0.0,0.32418465389010015,0.2768365587520775,0.3968468082819334,0.0,0.07808180391928676,0.2263618108725224,0.0,0.0,0.1747504126194152,0.39918119889613185,0.4838327727993254,0.38105459404100717
headache_frequency,0.0,0.041524999173423005,,0.1639991371306858,0.2548814559764911,0.10723645760197313,0.14749696717373523,0.29911133542192186,1.0,0.14488801099517995,0.10088608859808325,0.0,0.12775637605639278,0.10982561891480755,0.0,0.14301335900055656,0.25496674226753707,0.4295852370745191,0.440332127067372,0.04367953284563537,,0.2218451269148474,0.21046170767018213,0.17692369043827005,0.1316643980126671,0.12555556180184266,0.18474683393068758
headache_intensity,0.08383836449369382,0.1100986312717809,0.0,0.2710271709317874,0.1351209112087286,0.1430925620971608,0.17573777270972507,0.44803972961957944,0.14488801099517995,1.0,0.1717931743059802,0.039328105762395205,0.019928614832624463,0.16464562648122621,0.0,0.1487373197071904,0.4859587620587623,0.5590705440367664,0.0,0.0,0.0,0.0,0.06808216271172472,0.04007807843335911,0.32907678241958327,0.24362589209337243,0.4350281407777506
hearing_loss_present,0.0,0.03798901000481699,0.5223506882793337,0.14336665370997986,0.0,0.1803422555901853,0.1705572921247873,0.2947482427718718,0.10088608859808325,0.1717931743059802,1.0,0.11712786859352546,0.0,0.23490367878121832,0.0,0.22407044451668384,0.07183446064508235,0.04716798927967289,0.0,0.12195379550846377,0.0,0.07476888721927563,0.09047564389144898,0.11607067172700752,0.2504573352893987,0.19676388054702104,0.20772643252229261
jaw_clicking,0.060136957196653594,0.0,,0.1398741151247536,0.0,0.0,0.07825375218794556,0.0,0.0,0.039328105762395205,0.11712786859352546,1.0,0.3981074389747726,0.0,0.09976575667438216,0.0,0.05165986279978642,0.07469066202585223,0.3411464581514433,0.0,0.37206609590703404,0.0,0.2515075738268488,0.2678787966125339,0.0,0.026386331249968597,0.018194308262553804
jaw_crepitus,0.17482841220463952,0.161002980525682,,0.09683471620415922,0.0,0.03188457399862786,0.0,0.14452878750242346,0.12775637605639278,0.019928614832624463,0.0,0.3981074389747726,1.0,0.0702143911261839,0.11440398424265191,0.06059627808619582,0.0,0.0455978277916122,,0.0,,0.3440434234440234,0.32302658609520096,0.0,0.09453652770599856,0.0757462815876482,0.11006781677980397
jaw_function_score,0.013035214284369634,0.18144244668746465,0.0,0.1846039444831994,0.06629302525022145,0.3301049248429139,0.25869883929559206,0.32434480697677903,0.10982561891480755,0.16464562648122621,0.23490367878121832,0.0,0.0702143911261839,1.0,0.0,0.11068849001274897,0.4583995254959275,0.47213761950756433,0.0,0.09695346238669428,0.22221470063396465,0.0,0.0,0.025043790174692233,0.12562441439767139,0.21668876473107207,0.20331092258417044
joint_arthritis_location,0.0,0.0,0.05822225097395838,0.1416111492808648,0.0,0.07249689338500978,0.11709371410231108,0.0,0.0,0.0,0.0,0.09976575667438216,0.11440398424265191,0.0,1.0,0.06917711276799113,0.0,0.0865681402362995,0.23218745171637112,0.0,0.0,0.23154420906671733,0.14927622409232924,0.0,0.06958446390059907,0.06777063890299449,0.0
muscle_pain_score,0.12208090667282039,0.0,0.46320410775423654,0.14212505102582193,0.0,0.10612248987542335,0.15174153581731611,0.32418465389010015,0.14301335900055656,0.1487373197071904,0.22407044451668384,0.0,0.06059627808619582,0.11068849001274897,0.06917711276799113,1.0,0.0,0.20959881333651664,0.0,0.0,0.2192301799651373,0.0,0.0,0.0,0.12208699053550187,0.15662167523437465,0.2524849536892856
muscle_symptoms_present,0.095004251083764,0.28844738123289315,0.0,0.39508029853293547,0.2836371606344637,0.48294320598298096,0.5052709601704427,0.2768365587520775,0.25496674226753707,0.4859587620587623,0.07183446064508235,0.05165986279978642,0.0,0.4583995254959275,0.0,0.0,1.0,0.804076795281192,0.0,0.09039170110172476,0.0,,0.08138933397557147,0.1551187223843094,0.21662275309348172,0.5433592611381506,0.21658323694108408
neck_pain_present,0.19372153379710896,0.5549404297564243,,0.5073724693612196,0.5222835094031058,0.5430959774340499,0.6097034082492612,0.3968468082819334,0.4295852370745191,0.5590705440367664,0.04716798927967289,0.07469066202585223,0.0455978277916122,0.47213761950756433,0.0865681402362995,0.20959881333651664,0.804076795281192,1.0,0.12568889118940085,0.36034255288617517,,0.0,0.0,0.33816923233698826,0.215854735606232,0.6138645206880178,0.1887366018148201
onset_triggers,0.0,0.17654239466759794,,0.1743272680548363,,0.0,0.0,0.0,0.440332127067372,0.0,0.0,0.3411464581514433,,0.0,0.23218745171637112,0.0,0.0,0.12568889118940085,1.0,0.3364523119029813,,0.0,,0.16348384511525016,0.0,0.0,0.0
pain_aggravating_factors,0.20515432029449174,0.0,,0.1292660467536212,0.0,0.11935206679938934,0.07302966242855931,0.07808180391928676,0.04367953284563537,0.0,0.12195379550846377,0.0,0.0,0.09695346238669428,0.0,0.0,0.09039170110172476,0.36034255288617517,0.3364523119029813,1.0,0.29800738651670133,0.0,0.0,0.0,0.06528163465298899,0.050913514336715496,0.15455224061470405
pain_relieving_factors,0.0,0.6122808586562156,,0.40890443773923413,,0.0,0.0,0.2263618108725224,,0.0,0.0,0.37206609590703404,,0.22221470063396465,0.0,0.2192301799651373,0.0,,,0.29800738651670133,1.0,,,0.27280353499814297,0.0,0.21720244468492866,0.0
physical_therapy_status,0.05520573406725158,0.0,,0.0,0.22785522625468735,0.0,0.0,0.0,0.2218451269148474,0.0,0.07476888721927563,0.0,0.3440434234440234,0.0,0.23154420906671733,0.0,,0.0,0.0,0.0,,1.0,0.21900067391674732,0.0,0.0,0.0,0.0
sleep_apnea_diagnosed,0.24119810226185776,0.0,0.0,0.04579764526588331,0.041899313179837874,0.0,0.0,0.0,0.21046170767018213,0.06808216271172472,0.09047564389144898,0.2515075738268488,0.32302658609520096,0.0,0.14927622409232924,0.0,0.08138933397557147,0.0,,0.0,,0.21900067391674732,1.0,0.3857337557856452,0.0,0.07638389963113126,0.0
sleep_disorder_type,0.10860266744004601,0.0,0.0,0.0,0.12088623425172255,0.09371140902439967,0.06235688970607287,0.1747504126194152,0.17692369043827005,0.04007807843335911,0.11607067172700752,0.2678787966125339,0.0,0.025043790174692233,0.0,0.0,0.1551187223843094,0.33816923233698826,0.16348384511525016,0.0,0.27280353499814297,0.0,0.3857337557856452,1.0,0.0398390573637314,0.08037075100544668,0.18905795075701007
tinnitus_present,0.09051824251224232,0.249686105598861,0.22643885246603077,0.12808432776046208,0.1907701431628131,0.13742153718585962,0.24150283770462275,0.39918119889613185,0.1316643980126671,0.32907678241958327,0.2504573352893987,0.0,0.09453652770599856,0.12562441439767139,0.06958446390059907,0.12208699053550187,0.21662275309348172,0.215854735606232,0.0,0.06528163465298899,0.0,0.0,0.0,0.0398390573637314,1.0,0.2786736915380712,0.44869223825937465
tmj_pain_rating,0.1303892180960235,0.13489643345459007,0.2082876742494812,0.2634237124047447,0.06450668153065792,0.1934247562877056,0.23122260050168494,0.4838327727993254,0.12555556180184266,0.24362589209337243,0.19676388054702104,0.026386331249968597,0.0757462815876482,0.21668876473107207,0.06777063890299449,0.15662167523437465,0.5433592611381506,0.6138645206880178,0.0,0.050913514336715496,0.21720244468492866,0.0,0.07638389963113126,0.08037075100544668,0.2786736915380712,1.0,0.3530961449935806
vertigo_present,0.0766341518236278,0.2724755458626401,0.07807875748756642,0.22962701630189902,0.2568243232494038,0.2100543147699601,0.30058241268792213,0.38105459404100717,0.18474683393068758,0.4350281407777506,0.20772643252229261,0.018194308262553804,0.11006781677980397,0.20331092258417044,0.0,0.2524849536892856,0.21658323694108408,0.1887366018148201,0.0,0.15455224061470405,0.0,0.0,0.0,0.18905795075701007,0.44869223825937465,0.3530961449935806,1.0
