partner,cramers_v,n_complete_cases
muscle_symptoms_present,0.804076795281192,283
tmj_pain_rating,0.6138645206880178,316
disability_rating,0.6097034082492612,286
headache_intensity,0.5590705440367664,307
appliance_history,0.5549404297564243,272
diet_score,0.5430959774340499,288
current_appliance,0.5222835094031058,70
average_daily_pain_intensity,0.5073724693612196,211
jaw_function_score,0.47213761950756433,289
headache_frequency,0.4295852370745191,131
earache_present,0.3968468082819334,288
pain_aggravating_factors,0.36034255288617517,124
sleep_disorder_type,0.33816923233698826,160
tinnitus_present,0.215854735606232,283
muscle_pain_score,0.20959881333651664,174
airway_obstruction_present,0.19372153379710896,283
vertigo_present,0.1887366018148201,285
onset_triggers,0.12568889118940085,42
joint_arthritis_location,0.0865681402362995,245
jaw_clicking,0.07469066202585223,175
hearing_loss_present,0.04716798927967289,189
jaw_crepitus,0.0455978277916122,66
sleep_apnea_diagnosed,0.0,84
physical_therapy_status,0.0,78
